# golden forces for bicarbonate/bicarbonate_water (partition 0, layout 2x1)
# id type q fx fy fz
1 9 0.92685799999999996 -0.037162145646987832 0.78623325179693515 -0.3438802228990846
2 10 -0.82586099999999996 -0.42611259467364287 -0.76949938286084485 0.38603711976631266
3 10 -0.82586099999999996 0.023371904767937823 -0.34349504047978552 0.17744497028659115
4 11 -0.60117299999999996 0.89650662497172051 0.97178094289241324 -0.016031113852066944
5 12 0.32603700000000002 -0.17542315366773528 -0.36970340186016859 1.0367434034854428
6 3 -0.81999999999999995 0.50355852770258158 1.2490762351393649 -0.97326159320693262
7 4 0.40999999999999998 -0.2016434506305462 0.014877111679994793 -0.056373479168623272
8 4 0.40999999999999998 -0.36201112268159735 -1.315660643874252 1.2212250341781494
9 3 -0.81999999999999995 0.658558181156919 -0.16614222539348589 -0.069697475670213491
10 4 0.40999999999999998 -0.87214764118966159 -0.3498484893003368 -0.11811919668425838
11 4 0.40999999999999998 0.30683223697708911 0.40250256907077409 -0.38914417571327048
12 3 -0.81999999999999995 0.10089939682862052 0.83562664432536837 0.19001117251605859
13 4 0.40999999999999998 -0.097042749492986205 -0.38309053684132666 -0.17286318287752409
14 4 0.40999999999999998 -0.14092985302113242 -0.43662403474635975 -0.19727226728831107
15 3 -0.81999999999999995 0.31119000346060083 -0.38213411104557454 2.2593636928637366
16 4 0.40999999999999998 -0.95587078773104184 0.40521083854080708 -1.2687698761655568
17 4 0.40999999999999998 0.94784874621048532 -0.072986837525010548 -0.74502255705276388
18 3 -0.81999999999999995 -1.0608395354922222 0.60172925717402059 0.35556367932148386
19 4 0.40999999999999998 0.33308366402484818 -0.46571205480714201 -0.46837125220018339
20 4 0.40999999999999998 0.78322191449984579 -0.23968899052692549 0.15525149039472311
21 3 -0.81999999999999995 1.0856044363184663 -0.87694036195936209 0.95761164032636836
22 4 0.40999999999999998 -0.55917764450477003 -0.28503064925329435 -0.73230457439743746
23 4 0.40999999999999998 -0.57995591367965404 0.73722264862176312 -0.37334596155640587
24 3 -0.81999999999999995 1.2172547293725067 -0.012236798029730185 0.6294596099852352
25 4 0.40999999999999998 -0.33675748642635184 0.1481695877224638 0.00070373455021722781
26 4 0.40999999999999998 -0.095244180894133113 0.01702098781733662 0.015267001268703747
27 3 -0.81999999999999995 -1.7992762836756073 -0.15749080145905817 -1.1321036765190582
28 4 0.40999999999999998 -0.036003373474388096 -0.51811021470712315 1.0787342305657761
29 4 0.40999999999999998 1.4965186744529653 0.9095245946407482 0.11956644196831261
30 3 -0.81999999999999995 2.0267571440894465 0.88553487940809283 0.71333804785115451
31 4 0.40999999999999998 -0.2309042895567851 -0.29789560565367984 -0.086688805287279846
32 4 0.40999999999999998 -1.7078310482690435 -0.64472684785462842 -0.66376837816139478
33 3 -0.81999999999999995 -1.3433366677162395 0.25341622196481939 0.76945756226201067
34 4 0.40999999999999998 0.44162977571897993 0.42597891853542602 -0.48141647398128923
35 4 0.40999999999999998 0.86103387867702552 -0.76860915270002628 -0.17064372037077408
36 3 -0.81999999999999995 0.4130548948602793 0.17295688591173797 1.41334100919334
37 4 0.40999999999999998 0.019955951881269446 -0.485610911233614 -0.67400930060539965
38 4 0.40999999999999998 -0.51309185235396149 0.29003801032819787 -0.63527221273099654
39 3 -0.81999999999999995 0.2043928937885427 -0.25610725371084464 0.37796054715054872
40 4 0.40999999999999998 0.11654488359207718 0.89345104856741675 -0.53454287829485692
41 4 0.40999999999999998 -0.39451179566097017 -0.063323051787957579 0.081661285882617285
42 3 -0.81999999999999995 -0.33687680231848516 -0.84243396182332453 -0.21912573654574127
43 4 0.40999999999999998 -0.7629783746702401 -0.0045782455908707281 1.0812565211196623
44 4 0.40999999999999998 1.1872720838265105 0.90000637945853235 -0.85698738401247421
45 3 -0.81999999999999995 0.45454144485406756 -1.1882311445052383 -0.1920235608579039
46 4 0.40999999999999998 -0.3991389453814212 0.71373107850695516 -0.043422520759547861
47 4 0.40999999999999998 0.51253255270662967 0.24125771541764374 0.021560081601023885
48 3 -0.81999999999999995 -0.30843547590697046 -1.8574625813175656 -0.59521169699828802
49 4 0.40999999999999998 -0.17028570539080778 0.93826031570912194 0.24858570159833621
50 4 0.40999999999999998 0.5085456129321565 0.43425595245804133 -0.0028396254934672056
51 3 -0.81999999999999995 0.62021135832613383 -0.40764572098859775 -0.87639524397729596
52 4 0.40999999999999998 -0.50477714378881622 0.51199781253082954 0.99743063112562858
53 4 0.40999999999999998 -0.51491234093383953 0.081535478228085975 -0.070909036904627618
54 3 -0.81999999999999995 0.75628307590969968 0.91673864005860317 -2.3017032519649234
55 4 0.40999999999999998 -2.0158181241730708 0.39543310189063779 1.3959120681167081
56 4 0.40999999999999998 1.2955785285019212 -1.2374348367839492 0.57478534106939727
57 3 -0.81999999999999995 1.9423239226574662 0.24398608815335973 0.11295265282346005
58 4 0.40999999999999998 -0.56423819538625652 -0.68927773953337634 -0.024440911467447472
59 4 0.40999999999999998 -1.6090118750461311 0.1766707038352115 -0.29113483036922094
60 3 -0.81999999999999995 1.0791987775605212 -0.17265457722123287 -0.69700767068772562
61 4 0.40999999999999998 -0.88478843358575543 0.16685492547201289 0.2641363742169261
62 4 0.40999999999999998 -0.07494506204743652 0.29722107454318997 0.6019090341186728
63 3 -0.81999999999999995 2.6108174650826372 1.1823470015087192 1.1682901399262697
64 4 0.40999999999999998 -1.1066262238197808 0.10796623459751153 0.43961521361600941
65 4 0.40999999999999998 -1.631598704059356 -1.3415759646299172 -1.8541290613740375
66 3 -0.81999999999999995 -1.3666092414702216 -0.65507008861398397 0.69765885453313137
67 4 0.40999999999999998 -0.12409014008142379 0.043765549891498237 -0.2682561827203051
68 4 0.40999999999999998 1.4811955179561558 0.55074875117801103 -0.25686107475286779
69 3 -0.81999999999999995 0.46386403828965761 -1.7846826317913649 -0.19236957120272005
70 4 0.40999999999999998 -0.74747605325085353 1.291356051093673 0.31930402754011
71 4 0.40999999999999998 -0.054055152030152126 0.18939802616483756 0.28724783358604805
72 3 -0.81999999999999995 -1.4080969352390873 -0.19956253924215811 -0.074466492379938104
73 4 0.40999999999999998 0.58310492648969159 0.19197202832310575 -0.35557769774371811
74 4 0.40999999999999998 1.0812713487551484 0.076583103532931324 0.68661657826273703
75 3 -0.81999999999999995 -0.1701667320101983 -0.30006481230143844 2.2201081248692773
76 4 0.40999999999999998 0.37443645255190716 0.87059417753145985 -1.882633997303546
77 4 0.40999999999999998 0.12504905127026328 -0.5172769705172261 -0.092512724803614249
78 3 -0.81999999999999995 -0.67535248511341073 0.82816551664562799 0.8559290125241994
79 4 0.40999999999999998 -0.063560618484864564 0.15154217335012313 -0.56666619746663982
80 4 0.40999999999999998 0.25856108173708198 -0.82930206828116382 -0.17343297411896924
81 3 -0.81999999999999995 2.1359053588762023 -0.79155723055378047 0.43251564206138066
82 4 0.40999999999999998 -0.33186876974279378 0.20160812316222818 -0.84263516264603044
83 4 0.40999999999999998 -1.6457131360648676 0.50023548887126168 0.60905583646991945
84 3 -0.81999999999999995 0.042475711541429685 0.54916930035196843 0.074843393765671798
85 4 0.40999999999999998 0.20192119543553777 -0.62010175488044394 -0.14858823295204965
86 4 0.40999999999999998 0.24001851130530463 -0.12788506021412946 0.17922688654676852
87 3 -0.81999999999999995 -0.42965690574116017 1.5327654099000314 0.42097774236714125
88 4 0.40999999999999998 0.69192385900487674 -0.71323211400170827 -0.097539044317270118
89 4 0.40999999999999998 -0.1714028428055914 -1.024529483104601 -0.27668841285456108
90 3 -0.81999999999999995 2.2835666775676997 -0.86439057881674397 -0.14606507805523181
91 4 0.40999999999999998 -1.8724972403808573 0.10248379359369726 -0.14140263176618612
92 4 0.40999999999999998 -0.12375626619778519 0.89113798666484523 0.63113591816315651
93 3 -0.81999999999999995 0.11584649413725473 0.32581423127534154 -0.26634476337156476
94 4 0.40999999999999998 -0.46731352237041446 -0.38695305496144577 -0.2073342452346196
95 4 0.40999999999999998 0.15029161915272315 0.51836590769769919 0.35808967122316165
96 3 -0.81999999999999995 1.2602975128273419 -0.99059910458420986 0.053988823850836809
97 4 0.40999999999999998 -0.26250524987583068 0.46205788582154173 -0.12582927205002239
98 4 0.40999999999999998 -0.3810289605091981 0.89266047680654836 0.20137596184803011
99 3 -0.81999999999999995 0.16482615804278095 1.1340545053896445 1.4313505582378567
100 4 0.40999999999999998 -0.41262514464800765 -0.80538717091753198 -1.059646604765266
101 4 0.40999999999999998 0.34027354811779781 -0.095446786274490256 -0.41811005993314548
102 3 -0.81999999999999995 -1.6662093945445187 -0.87393011007946464 -0.73356568091114871
103 4 0.40999999999999998 0.70036606646260902 1.0888675720412957 0.44754984350121946
104 4 0.40999999999999998 1.1379453770055219 -0.078839756630419103 0.45047096151523663
105 3 -0.81999999999999995 0.064885415941082505 0.72360338950071657 1.2003031299011311
106 4 0.40999999999999998 0.011847914113594685 0.43986147928183622 0.38129261131311265
107 4 0.40999999999999998 -0.090308469492774171 -1.0694308071646859 -1.6314230156508396
108 3 -0.81999999999999995 -0.12106927445319002 -0.010267140090440925 -0.28519379730282307
109 4 0.40999999999999998 0.46576692921937168 -0.036500884691494304 0.74323433336820677
110 4 0.40999999999999998 0.20763914105229053 -0.23276002897394688 -0.023771648133066977
111 3 -0.81999999999999995 1.4375764558589206 -0.71063400189398551 0.30038789328404314
112 4 0.40999999999999998 -1.0447363157495348 0.074037607939210007 -1.0860062478134815
113 4 0.40999999999999998 -0.60880469122444225 0.47566401210180659 0.51815010343412082
114 3 -0.81999999999999995 -0.43846044350896085 -2.2679764316012005 -0.34874312715530803
115 4 0.40999999999999998 0.44846358971404021 0.017656026002564551 -0.024056053721001419
116 4 0.40999999999999998 0.54595653572158942 2.1305332687728602 0.69485351278540586
117 3 -0.81999999999999995 -0.43280600135932373 -0.41636522699037309 -0.76007960765293348
118 4 0.40999999999999998 0.45881020346464874 0.66216794460026285 -0.14104800470837039
119 4 0.40999999999999998 0.092500167710960118 0.09998836933373341 0.6256487693601559
120 3 -0.81999999999999995 -0.59499145792690311 -1.1166996528131199 0.61673343402794722
121 4 0.40999999999999998 0.58678590314783974 0.82130014274798735 -0.65642622722963295
122 4 0.40999999999999998 -0.052860608428285868 0.25583945029782457 0.041268737228190383
123 3 -0.81999999999999995 -1.8925091516991368 0.90606851558753576 -1.8236686735021725
124 4 0.40999999999999998 0.030380329906406083 -0.060083681202337091 0.32350411452735151
125 4 0.40999999999999998 1.6038308585248227 -0.78805705245275748 1.3923059373238416
126 3 -0.81999999999999995 -0.4348026109378032 1.3955413927329452 0.84574913628047854
127 4 0.40999999999999998 0.22823375584697156 -0.37666325440712106 -0.40736556577041466
128 4 0.40999999999999998 -0.39707485909079171 -0.99421369933927528 -0.10534754732664381
129 3 -0.81999999999999995 0.12449593073138139 -1.8696630659638209 -0.78225808876269098
130 4 0.40999999999999998 0.98703743376008379 1.3853722754029698 1.1608448920610475
131 4 0.40999999999999998 -1.1408977375167892 0.3046510294569108 -0.26724672812445727
132 3 -0.81999999999999995 0.9250376468545356 1.5025703888810462 0.90925788953801023
133 4 0.40999999999999998 -0.28493820230305233 -1.1685027325632265 -0.0013101737376198426
134 4 0.40999999999999998 -0.030064205854941798 -0.087726343161475748 -0.53109517393628758
135 3 -0.81999999999999995 0.41647167505775862 0.44121425560865218 -1.1721668620619137
136 4 0.40999999999999998 -1.1134267748604223 -0.39609653094626146 0.22060833786428019
137 4 0.40999999999999998 0.6258639958904535 -0.1742070609438294 1.1460186914512602
138 3 -0.81999999999999995 0.71710510416173312 -0.86782618632422837 -1.6611817706159604
139 4 0.40999999999999998 -0.080262164667554883 -0.31815397917398358 0.037270402187474315
140 4 0.40999999999999998 -0.35283547334545645 1.1128441716320949 1.6445874410948698
141 3 -0.81999999999999995 1.0259270415350201 1.4241830000617102 1.1911857711506859
142 4 0.40999999999999998 -1.1149400763280186 0.091398473011056316 -1.4193170110530315
143 4 0.40999999999999998 -0.053866002033100858 -1.5545765648347094 -0.094906923334998547
144 3 -0.81999999999999995 0.36804899204601788 0.41023629845227438 0.43057313751730725
145 4 0.40999999999999998 -0.20194072992340445 -0.66158702211506493 -0.43994610671545309
146 4 0.40999999999999998 0.11586144632844868 0.34866816097933934 0.26279446065464707
147 3 -0.81999999999999995 -0.6109349187580122 0.54118112205226798 -0.23466845933533398
148 4 0.40999999999999998 0.0011006041551274563 -0.70513339506912531 0.19486162424926598
149 4 0.40999999999999998 0.75404837822104065 -0.080581838975270409 0.24852214987174925
150 3 -0.81999999999999995 0.80619799440870044 -1.2962915476293533 0.091650070095441169
151 4 0.40999999999999998 -0.39412153356785229 0.65191846725231439 0.67727398167686048
152 4 0.40999999999999998 -0.36299557903051077 0.81448411286676636 -0.73075762054832016
153 3 -0.81999999999999995 -0.7895334528927952 1.17584088457213 1.136879022409039
154 4 0.40999999999999998 0.16700112922829755 -0.88125547962481299 0.13837459000787591
155 4 0.40999999999999998 0.45823803468869367 -0.44790295449576401 -0.61337056322742345
156 3 -0.81999999999999995 0.15415476361339142 -2.6710566850048547 -0.32692348845501218
157 4 0.40999999999999998 0.64325337615438305 3.0418383783994236 0.59908303452314104
158 4 0.40999999999999998 -0.7040557634111767 -0.58356844766920946 -0.22256179189382153
159 3 -0.81999999999999995 0.033020239437047343 1.8397588961937925 1.283011730467738
160 4 0.40999999999999998 -0.94630179054829144 -0.49889863452276745 -0.71728252627200895
161 4 0.40999999999999998 0.99822263248593635 -1.3432241473257718 -0.67132297105260308
162 3 -0.81999999999999995 -0.24831219522022885 0.21376756741258046 0.37609166134568545
163 4 0.40999999999999998 0.22468711603146904 -0.063587872467848597 -0.27858369173923742
164 4 0.40999999999999998 0.2393883181977107 -0.083849583531130201 -0.16652328834035252
165 3 -0.81999999999999995 -1.9355108667515284 0.58998088228808332 0.97905139602497027
166 4 0.40999999999999998 1.2932025261690014 0.05549719285574628 -0.49624478636877312
167 4 0.40999999999999998 0.27853698480101602 -0.86948265875274655 -0.39090679535785422
168 3 -0.81999999999999995 -0.4441246961259725 0.20290114775298185 0.61698049356320284
169 4 0.40999999999999998 0.17075897697155959 0.55513190048764915 -0.42652968250891332
170 4 0.40999999999999998 0.29755194737851626 -0.37163467989889154 -0.1881423114583553
171 3 -0.81999999999999995 0.63858781507370299 0.10178990399062388 0.42998503796702497
172 4 0.40999999999999998 -0.66038380814323039 0.82441989250223435 -0.046637811754065409
173 4 0.40999999999999998 0.10779646272926244 -1.0086209635924219 -0.42753897499330501
174 3 -0.81999999999999995 -1.0720096355877808 0.62601965194398668 -1.0335894005865114
175 4 0.40999999999999998 0.20601568016976549 -0.73811110714432193 0.39424325973415703
176 4 0.40999999999999998 0.9222758954554624 0.58051381795572743 0.27883045215159308
177 3 -0.81999999999999995 0.85841509343226574 -1.25079832713421 -0.76353004054360807
178 4 0.40999999999999998 0.16323825692783078 0.61568487335120992 0.071375860529174551
179 4 0.40999999999999998 -0.60159551086311069 0.62167800001376661 0.65715043240261906
180 3 -0.81999999999999995 -0.38333549085888624 -0.78431731694053763 -1.2076103533205889
181 4 0.40999999999999998 -0.13081382495199212 0.76482040403788343 0.077824323633848225
182 4 0.40999999999999998 0.60578933015960801 0.004908861136380064 1.0554341078498934
183 3 -0.81999999999999995 -0.21609066114626144 2.1797290724873299 -1.231845899255045
184 4 0.40999999999999998 0.84318360218622879 -1.0198451684968171 0.71289779138176057
185 4 0.40999999999999998 -0.62132150410491505 -0.87335775215164257 0.35315315200271186
186 3 -0.81999999999999995 -0.12379695906950568 0.022445656931402116 0.88162381446175175
187 4 0.40999999999999998 0.15438016518390621 -0.52066077509302022 -0.87427475741409422
188 4 0.40999999999999998 0.0056158604750974339 0.56418240014265486 0.25990344296290291
189 3 -0.81999999999999995 -0.46461824192805717 0.14485504035403202 -0.44996349585574952
190 4 0.40999999999999998 -0.1577588815743603 -0.183825712836683 -0.29548100177328396
191 4 0.40999999999999998 0.37421001609662069 0.46893298816784357 0.51063036405214413
192 3 -0.81999999999999995 -1.450292327037378 0.81778486219763391 0.11393715359626112
193 4 0.40999999999999998 0.65523709936926811 -0.81571865763574847 0.29254199279641013
194 4 0.40999999999999998 0.8571457965748136 0.033024392989084481 -0.29638183995676259
195 3 -0.81999999999999995 2.0274915208405084 -0.44155291376744266 1.0269884546151065
196 4 0.40999999999999998 -1.301931374961101 0.3025536255781589 -0.43981335938789218
197 4 0.40999999999999998 -0.53966753458125838 0.21681764180382104 -0.44169814511297412
198 3 -0.81999999999999995 -1.6416621247001073 1.1006590180419187 -0.5488011695224525
199 4 0.40999999999999998 0.0014981950912092131 -0.30324756697401617 -0.067948538420308222
200 4 0.40999999999999998 1.0318133994720111 -0.45472169447622307 0.5878297278603859
201 3 -0.81999999999999995 -0.38309154626676695 -1.338807122946245 -0.15483818780016148
202 4 0.40999999999999998 0.86141455380031462 -0.055385892124331544 -0.68198889183525258
203 4 0.40999999999999998 0.26913824236797884 1.2683256092342907 0.35274168731266115
204 3 -0.81999999999999995 0.5499809809776437 -0.54482515160388789 -0.76311093562783494
205 4 0.40999999999999998 -0.47825248723998925 0.6119763002639641 0.44874971051815482
206 4 0.40999999999999998 -0.14502238769471032 0.028575021072209991 0.28507316107201369
207 3 -0.81999999999999995 -1.6226880527425798 0.94220820909098546 0.087537907998022121
208 4 0.40999999999999998 1.8288344254959621 -0.96764743239579953 0.34917131439198545
209 4 0.40999999999999998 0.088872441879762731 0.38829296739307623 -0.1678939297921988
210 3 -0.81999999999999995 0.47121571500022547 0.97889828684037761 0.33655054542077584
211 4 0.40999999999999998 -0.46328872846929897 -0.31361984102609575 0.91678283884916889
212 4 0.40999999999999998 -0.042601780935965054 -0.60836591347326108 -1.3104297179649937
213 3 -0.81999999999999995 0.54526862486974192 0.26044585196886277 0.21214141130184475
214 4 0.40999999999999998 -0.017559938731724796 0.18513047836095631 -0.81589075216189955
215 4 0.40999999999999998 -0.29975028634217638 -0.22289046238639817 0.43880028919269398
216 3 -0.81999999999999995 -0.57508380436836848 0.6336871099535113 0.14165602185219195
217 4 0.40999999999999998 -0.58860067425235452 -0.67216703822530022 -0.63751445289532105
218 4 0.40999999999999998 1.0426810342269448 -0.10998572975134124 0.7733419980404741
219 3 -0.81999999999999995 0.25400590210594975 -0.21405496984449462 0.27076074824489166
220 4 0.40999999999999998 0.24307809168391745 0.20208910295177465 0.11390435945470938
221 4 0.40999999999999998 -0.44831214634607075 -0.21363783452882507 -0.46282714758154875
222 3 -0.81999999999999995 0.092761328623671077 2.665988865970657 1.3297081887361275
223 4 0.40999999999999998 0.14323657619059221 -0.53153035653730007 0.11410648510324915
224 4 0.40999999999999998 -0.28353241553068076 -1.7562876832332537 -1.2371934028524694
225 3 -0.81999999999999995 -0.31571603935794468 0.95921102544075976 -1.2091776653321789
226 4 0.40999999999999998 -0.0088805167265119493 -0.047711539371525308 -0.30408784711805603
227 4 0.40999999999999998 0.34464655982212627 -1.1229974414384658 1.1713205753424363
228 3 -0.81999999999999995 1.5236012438476789 0.65635199083199625 2.1100467209207325
229 4 0.40999999999999998 -0.66359158126506146 0.50052433902364168 -1.3513504871307784
230 4 0.40999999999999998 -0.80278968474467216 -1.3048916506227801 -0.50347440795065068
231 3 -0.81999999999999995 -0.23115996478331782 -1.0050810244424064 -0.2306790687530767
232 4 0.40999999999999998 0.29978310374850142 0.35998101404780725 0.76155564273324572
233 4 0.40999999999999998 -0.056782532853823821 0.36605983791085916 -0.57395805107624154
234 3 -0.81999999999999995 0.16748999195174463 -0.32377368929359601 -0.33195662534095738
235 4 0.40999999999999998 -0.2588066520918203 0.33814806075199283 0.049853928796872483
236 4 0.40999999999999998 -0.10305993470516604 0.13829133307803115 0.36927558165059132
237 3 -0.81999999999999995 1.0678609668268859 1.1118374034590297 1.3283691438757208
238 4 0.40999999999999998 -0.79750920816278092 -0.84026984492354617 -1.0697704151413914
239 4 0.40999999999999998 -0.22297431779259813 -0.20227233499835601 -0.44208994926429657
240 3 -0.81999999999999995 -1.0099944977599902 0.74054765179948068 0.26870518005913357
241 4 0.40999999999999998 -0.25708612251234852 0.29427279476807794 -0.39293789676201984
242 4 0.40999999999999998 1.0028804606434554 -1.2203507141585028 0.16376289012585796
243 3 -0.81999999999999995 -0.72489834654653285 -0.83690638596550748 -2.6397947010634133
244 4 0.40999999999999998 0.54584368883467771 0.7660559352863433 2.6505045061622572
245 4 0.40999999999999998 0.17190105006108244 0.062185795294208798 -0.094050329718934192
246 3 -0.81999999999999995 1.1674625102037646 -3.7366625839490104 2.3026068365372616
247 4 0.40999999999999998 0.30678402091824236 1.6920069752553841 -2.1161810921950686
248 4 0.40999999999999998 -1.5697749427374958 1.5939382177739811 -0.03439816408525017
249 3 -0.81999999999999995 0.66403427003575533 0.35426115553182069 -0.93230802891642039
250 4 0.40999999999999998 -0.50342608655111376 -0.22411269740754866 0.80663370643335663
251 4 0.40999999999999998 0.24583973648239615 -0.31138000052898562 0.19892635500644257
252 3 -0.81999999999999995 0.27506007556546475 -0.34432858937479566 -1.2082698235568912
253 4 0.40999999999999998 0.30339588678205959 -0.43718333722291303 0.17206261944304635
254 4 0.40999999999999998 -0.42147894505568728 0.098014214902959251 0.92980269162983242
255 3 -0.81999999999999995 -0.94108869755025615 1.5716935350784038 0.43654818944522061
256 4 0.40999999999999998 0.16910245388769746 -0.24497085760883716 -0.093603456152893422
257 4 0.40999999999999998 0.35212167510712322 -1.0140104073007379 0.0012552258302430703
258 3 -0.81999999999999995 -0.076805635242878131 0.71370687487924889 -0.49149581142361781
259 4 0.40999999999999998 -0.32384745603814657 0.12425399959902933 -0.46822528068009478
260 4 0.40999999999999998 0.75068077120964549 -0.31515807975467053 0.62072882421528086
261 3 -0.81999999999999995 0.14763992451301508 0.39419045171036926 -0.50446757308168799
262 4 0.40999999999999998 -0.96355234994642769 -0.1516276936531861 0.90688128549800651
263 4 0.40999999999999998 0.65112037641828291 -0.27454593601515093 -0.5421662690429746
264 3 -0.81999999999999995 -0.61738788208401785 1.3830661036303971 2.5114499346170431
265 4 0.40999999999999998 1.0112073893815843 -1.1582022147518858 -2.3573523522467767
266 4 0.40999999999999998 -0.2015851686313648 -0.040876183716682543 -0.44126701067170443
267 3 -0.81999999999999995 -2.4513995828966921 -0.88058524956102313 -0.17348541609053589
268 4 0.40999999999999998 0.3419463884282522 -0.051751434939391383 0.36690274599667311
269 4 0.40999999999999998 1.7112788282730671 0.97608703617712844 -0.48092708438663945
270 3 -0.81999999999999995 1.806022935678957 1.3421008565460526 0.011615182053365975
271 4 0.40999999999999998 -0.96821152538675825 -0.1576737961576781 0.3397904447295555
272 4 0.40999999999999998 -0.69546387059249914 -1.1509444405262772 -0.67090456473218585
273 3 -0.81999999999999995 0.27151413819398351 -1.7456836851829836 2.2927624144913521
274 4 0.40999999999999998 -0.31676101906617371 1.7412255641682115 -0.74806494709242011
275 4 0.40999999999999998 0.24801232893629724 0.075293599543388282 -1.8148736192017505
276 3 -0.81999999999999995 0.73233724545684953 1.5633821257558873 0.3785142205172235
277 4 0.40999999999999998 0.093884580423926819 -1.3294576147991615 -0.81284769758324282
278 4 0.40999999999999998 -0.93173660240455647 -0.46963106465572246 0.13855696053091696
279 3 -0.81999999999999995 -0.39019178588069181 0.60743498692530817 -2.2097673253051626
280 4 0.40999999999999998 0.63379349211521985 -0.62185192636025644 1.3591297265890994
281 4 0.40999999999999998 -0.47666064040158024 0.03774694159686881 0.64271379787823302
282 3 -0.81999999999999995 -0.51961616630154772 0.027441939108341418 2.3628764988552704
283 4 0.40999999999999998 0.79079571397247184 0.98197675427445053 -0.90385200231227492
284 4 0.40999999999999998 0.013746279973309381 -0.66361959715180052 -1.1136048966770393
285 3 -0.81999999999999995 1.2042703624403315 -0.67604743825626823 -0.79649563375126031
286 4 0.40999999999999998 -0.83873919543154118 0.48172613424697558 0.85470315236345396
287 4 0.40999999999999998 -0.21890228797666625 0.10708145349437787 0.21745614701235444
288 3 -0.81999999999999995 0.027865428084135134 1.1495716837060594 0.076917313218780828
289 4 0.40999999999999998 -0.15526830781193365 -0.097392197331053434 0.056502788724502144
290 4 0.40999999999999998 0.27715060716660339 -0.71184669091958475 0.11148342975683019
291 3 -0.81999999999999995 -2.2418053300053833 -0.23434418613323033 0.2514278876825487
292 4 0.40999999999999998 0.37209480289877356 0.22441905291738359 0.35327768091738987
293 4 0.40999999999999998 1.5890365909878506 -0.22258511472892326 -0.29302626109428476
294 3 -0.81999999999999995 -0.98538903163335245 -0.52647984829992389 1.9590684135384642
295 4 0.40999999999999998 -0.62433637381317941 0.24335445745904297 -0.63579022799642726
296 4 0.40999999999999998 1.4160872902239285 0.31709600594297799 -1.0286043317107212
297 3 -0.81999999999999995 -0.47714319292307139 -0.64201867693190562 -0.045740081940538753
298 4 0.40999999999999998 -0.14308425994977361 0.3405880766801801 -0.15817012802726368
299 4 0.40999999999999998 0.60103888663892591 0.26904458267580622 0.39942664876442741
300 3 -0.81999999999999995 -1.3831730373644342 1.9547371597053493 -0.1143720284850909
301 4 0.40999999999999998 0.51213932414030527 -1.3160412218388902 0.51862213570229143
302 4 0.40999999999999998 1.0878211540913676 -0.90845255125414737 -0.60384423096266704
303 3 -0.81999999999999995 1.0956143379232584 0.065942451745830008 0.58624601131196419
304 4 0.40999999999999998 -1.2113647076356877 0.35773723155416709 -0.70933618931463616
305 4 0.40999999999999998 -0.082875480118500142 -0.37348243657104374 0.45887130949829547
306 3 -0.81999999999999995 -0.39322269493435297 -0.012653942961804127 0.62533723809430475
307 4 0.40999999999999998 0.10043950120784081 0.047338340707519889 -0.39800906743962805
308 4 0.40999999999999998 0.025541640512108922 0.12304560188087663 -0.17735797757867733
309 3 -0.81999999999999995 -0.23693318373375213 0.14994696206482738 -0.094849360593785972
310 4 0.40999999999999998 -0.24484876832574262 -0.2654116619892517 -0.1456367858132406
311 4 0.40999999999999998 0.30064945731731368 -0.047506142246861657 -0.33773963771161569
312 3 -0.81999999999999995 -0.63680011709265816 -1.1541230718770195 -0.22000998378080594
313 4 0.40999999999999998 0.0058556166776011359 0.40019777304959159 -0.10392579634218903
314 4 0.40999999999999998 0.26633426630771107 0.72142657432975377 0.27044662768052108
315 3 -0.81999999999999995 1.7069598980061358 -0.54077657128735546 0.56495310866301296
316 4 0.40999999999999998 -0.66351216481495778 0.5942597247827921 -0.44238723771920063
317 4 0.40999999999999998 -1.3597483565173201 -0.18715772002857431 -0.48971457074134106
318 3 -0.81999999999999995 0.78646599292914043 1.1526312595890726 -0.19701242513106357
319 4 0.40999999999999998 -0.73347392805760958 -0.71447522751453074 0.50453263272927451
320 4 0.40999999999999998 -0.14828089854234347 -0.3632884084845982 -0.05460798879876453
321 3 -0.81999999999999995 0.35130664938456202 -0.46362519152877568 -0.67732265463099539
322 4 0.40999999999999998 -0.20792146837303871 0.04293122428098621 0.48085748755881708
323 4 0.40999999999999998 -0.24617396357551166 0.4839013505845467 0.26873322980460707
324 3 -0.81999999999999995 2.9795833036410579 -0.73132655846296479 1.6126923381654477
325 4 0.40999999999999998 -0.99905474073073897 1.3657444912504031 -1.5797985818966702
326 4 0.40999999999999998 -2.1417958325118356 -0.95364252868933708 0.027868044978453747
327 3 -0.81999999999999995 -1.2215455255865431 0.88152487534870361 -1.2052951204469964
328 4 0.40999999999999998 0.86002220741614555 -0.52500714625112521 0.96496885046565894
329 4 0.40999999999999998 0.3005401139961637 -0.024620233120001202 -0.42027382432972693
330 3 -0.81999999999999995 -1.617464189301371 -2.3569932190674439 0.30481689677003054
331 4 0.40999999999999998 0.50145184945515886 1.3200420616525739 -1.4949179466188525
332 4 0.40999999999999998 1.2465918425114886 1.0616365275101949 1.0042247321429632
333 3 -0.81999999999999995 -0.83783195405552291 1.5474096329856319 -0.17166062802718815
334 4 0.40999999999999998 0.97318178028829661 -0.45236237885361108 0.50550046678523652
335 4 0.40999999999999998 0.084161496779226075 -1.0121244554516295 -0.2725651092826421
336 3 -0.81999999999999995 -1.1833018741777035 0.14251511904751563 -1.895732850704116
337 4 0.40999999999999998 1.3394312177077476 -0.7356850723619569 1.3795683065414319
338 4 0.40999999999999998 -0.4277125820531027 1.0070003302470067 0.48479581719182063
339 3 -0.81999999999999995 -0.96245479620311047 0.11585822919967624 0.59850926729496357
340 4 0.40999999999999998 0.23554697621610396 0.22657399782982729 -0.038567662598757858
341 4 0.40999999999999998 0.38869317160469796 -0.27209107801514226 -0.30214885035012656
342 3 -0.81999999999999995 0.99075538028452625 -0.62356466635347174 1.0094695470171196
343 4 0.40999999999999998 -0.51462755249356507 0.081090614471005421 -1.1307109527920816
344 4 0.40999999999999998 -0.29773552319401059 0.60709856023504805 0.021479986288980679
345 3 -0.81999999999999995 -0.41761220863606763 0.087843108200423126 1.0926819512938821
346 4 0.40999999999999998 0.11994859260005883 0.66094844744592618 0.40986716210363655
347 4 0.40999999999999998 0.2160732271351325 -0.9113737151460567 -1.3891826217047669
348 3 -0.81999999999999995 -1.1330913733969961 -0.25349180099130464 -0.41754462285415256
349 4 0.40999999999999998 0.19788807950185247 -0.1948660245525963 0.5070151400534022
350 4 0.40999999999999998 0.84503186891811444 0.24138875960565037 0.25033990255636207
351 3 -0.81999999999999995 -0.47999669475167039 0.93111710769324085 -0.3333292242112541
352 4 0.40999999999999998 0.0043917663413924534 0.068622978773016069 0.035796626016214368
353 4 0.40999999999999998 0.37942293039674552 -1.0802298560026589 -0.29068959331853972
354 3 -0.81999999999999995 1.2662738093166661 -0.35457540876906612 -0.7923584277038016
355 4 0.40999999999999998 -0.44967462141139081 0.14267701635613389 0.52413416409201652
356 4 0.40999999999999998 -0.51949021119820527 0.09009501270757031 0.42567833477437489
357 3 -0.81999999999999995 1.4470954517754957 -0.26321814275100114 1.3505663153006537
358 4 0.40999999999999998 -1.5203244587663509 -0.040828088593989523 -1.1027748055620477
359 4 0.40999999999999998 0.10265640702490106 0.27584395773715142 -0.043044753516912483
360 3 -0.81999999999999995 -0.22262861722259783 1.7190560117776159 0.20000231185762049
361 4 0.40999999999999998 -0.062177418846958266 -0.49520608855534926 -0.11994367282563131
362 4 0.40999999999999998 0.3198145427175369 -1.2938362056254384 -0.0031480544862380827
363 3 -0.81999999999999995 -1.4849373025791699 -0.24336829248199171 0.38604012488253053
364 4 0.40999999999999998 1.066349957634851 0.45561548843394911 -0.43839043818349915
365 4 0.40999999999999998 0.36162362079091254 -0.052538604453760053 0.11099032671227407
366 3 -0.81999999999999995 -0.74321098677030495 0.26391201904329498 2.2005335702503523
367 4 0.40999999999999998 0.38580465261098118 0.52580385079242908 -1.3822787938510122
368 4 0.40999999999999998 0.22130278495205585 -1.0746273371624107 -0.72776679949502943
369 3 -0.81999999999999995 0.14956251643768603 -0.3805999165574187 0.40807248278572938
370 4 0.40999999999999998 -0.28794212763406712 -0.15659419636792082 -0.52465600517586741
371 4 0.40999999999999998 -0.015015960593679113 -0.24714962678412847 -0.043393082677144021
372 3 -0.81999999999999995 0.022218587323865314 0.16886953828411572 -0.3823776035845598
373 4 0.40999999999999998 0.42480446488645085 -0.096518551690474172 0.15512536229168755
374 4 0.40999999999999998 -0.32995142070053701 0.034410003128709121 0.60706740402597303
375 3 -0.81999999999999995 0.37409652867481619 -1.6916659543799573 -0.28251734240589971
376 4 0.40999999999999998 -0.62517928963046254 1.2683486643550299 0.035845698157003586
377 4 0.40999999999999998 -0.14372760293837231 0.27604098440026398 0.14320251655017902
378 3 -0.81999999999999995 -1.6564854076179514 1.2783498473940296 -0.041902660663349772
379 4 0.40999999999999998 0.33175748111199782 -0.47621827989659254 0.64493248589596031
380 4 0.40999999999999998 1.2464568972477936 -0.39583186577690166 -0.83136045004756798
381 3 -0.81999999999999995 0.41102003208704463 0.88384544328312342 1.2456979435543245
382 4 0.40999999999999998 -0.85810407885146534 -0.85522663996164761 -0.41729401790451315
383 4 0.40999999999999998 0.62014934120415444 -0.28321768283914944 -0.62615141759440329
384 3 -0.81999999999999995 -0.36089849864687878 1.8936058341383764 -0.71927606027607149
385 4 0.40999999999999998 -0.033426099870471702 -0.16089223645884509 0.40041326967113317
386 4 0.40999999999999998 0.38721995642864449 -1.8061044106885191 0.43298899518893791
387 3 -0.81999999999999995 -0.85928774994517909 -0.97487911569447416 -2.0631175221538691
388 4 0.40999999999999998 0.39676865328024324 1.2868909436665914 1.3898186071657732
389 4 0.40999999999999998 0.19918057045154061 -0.094258419824695294 0.80741104035727373
390 3 -0.81999999999999995 -0.47712384032440341 0.53352713807594598 -1.8242525966392422
391 4 0.40999999999999998 -0.81805759132046818 0.1230986223358021 1.3678590863417435
392 4 0.40999999999999998 1.1578621086178831 -0.34812303244743786 0.13571884752159338
393 3 -0.81999999999999995 -1.4380196042195696 -0.42941097388598343 0.5054333361506983
394 4 0.40999999999999998 0.20951006768305536 -0.0035153558065151671 -0.024268842105043348
395 4 0.40999999999999998 1.5374790619878616 0.60252447682664245 -0.66306143273977758
396 3 -0.81999999999999995 0.17572849448897673 0.77854936884692061 -0.72961006041796694
397 4 0.40999999999999998 -0.16822679538973939 -0.55474353443116253 -0.028284097627006177
398 4 0.40999999999999998 0.045475429313126849 -0.085575817711266225 0.71449075951903074
399 3 -0.81999999999999995 -0.19914056353091469 0.41712640292211178 -0.6689601532347178
400 4 0.40999999999999998 0.38162855271624913 0.017145073361700319 -0.093375087357927392
401 4 0.40999999999999998 -0.42769696849370697 -0.084945695641909139 0.41098778790315338
402 3 -0.81999999999999995 0.15567517095938554 0.42328098821800075 0.36626730579848427
403 4 0.40999999999999998 0.0027259973026507404 0.22171345021485622 0.16623098654443441
404 4 0.40999999999999998 -0.10368929972773062 -0.62598790043983055 -0.33470234018185085
405 3 -0.81999999999999995 0.97987098230548419 0.77658232118797987 -1.4548047480298498
406 4 0.40999999999999998 -0.8657972578519495 -0.50483675919867921 1.8012062490244269
407 4 0.40999999999999998 -0.036787499684262509 0.20466439419547483 0.14075324606621251
408 3 -0.81999999999999995 1.1751937757224935 1.058731247331457 -0.25004422959637679
409 4 0.40999999999999998 -1.1221676604654196 -0.17565735649209741 -0.59665318683967528
410 4 0.40999999999999998 0.095622516678342748 -0.96414597298464444 1.001163006401776
411 3 -0.81999999999999995 -1.1178690220367027 -0.52312449458345989 -0.23243754311060799
412 4 0.40999999999999998 0.39542421944214662 -0.1875681124144056 0.32912292038751711
413 4 0.40999999999999998 1.1821752292601662 0.57784786057664883 0.12143490244751877
414 3 -0.81999999999999995 -0.0097548324493885539 0.30270285230005661 0.24395342062988595
415 4 0.40999999999999998 -0.40851334871191547 0.39413092704433694 -0.84172977580796959
416 4 0.40999999999999998 0.4249455738893077 -1.320939262040538 0.60633417592522498
417 3 -0.81999999999999995 -0.53057777888793023 -5.9796011032306492e-05 1.2356598712017612
418 4 0.40999999999999998 -0.13201326513791684 0.29561291941724049 9.7263020132866071e-06
419 4 0.40999999999999998 0.51425762074619719 0.059464978356460169 -1.2780549036026487
420 3 -0.81999999999999995 -0.67815155781046488 0.86618466035891495 0.33479727780734769
421 4 0.40999999999999998 0.67423246723716146 -1.4494719286304056 -0.38805670564466532
422 4 0.40999999999999998 -0.046699489167060251 0.28959838127452153 0.40863521877999082
423 3 -0.81999999999999995 -1.1501173118268877 -0.78314309094240575 -0.12729649971632434
424 4 0.40999999999999998 0.96565798652250934 0.1980380801810761 0.11905073302924052
425 4 0.40999999999999998 0.17326709591063114 0.89356579537388237 -0.26465579919121085
426 3 -0.81999999999999995 -1.0322829327331369 0.48674697194214028 -0.56604029610086437
427 4 0.40999999999999998 0.47955821180205327 -0.16909753188713977 0.50624847274385398
428 4 0.40999999999999998 0.47015733228102879 -0.080632423404307652 0.15713024198397987
429 3 -0.81999999999999995 0.3647020671865534 -0.018765812102903411 -0.35099751266702273
430 4 0.40999999999999998 -0.27954482153401283 -0.089464254631327803 0.016517501207973993
431 4 0.40999999999999998 -0.051064819136109441 0.13868113865698822 0.17110149972485425
432 3 -0.81999999999999995 0.3707756616615952 0.45638401360417152 0.77553758185049726
433 4 0.40999999999999998 0.067753998331515339 0.07557312047108955 -0.55679713077139936
434 4 0.40999999999999998 -0.27758039890596842 -0.33315440620579356 0.069183389215897242
435 3 -0.81999999999999995 0.52620031149684454 0.59709612651126243 -1.9332416542055089
436 4 0.40999999999999998 -0.72805554736006906 0.12298927479823868 -0.14586385753080719
437 4 0.40999999999999998 0.14043361541173127 -0.71921951693128761 1.980134237125988
438 3 -0.81999999999999995 -0.48211467259851404 1.6740888488747325 0.14410228784225554
439 4 0.40999999999999998 0.19300766540727593 -0.5039458696286766 -0.17563273421957568
440 4 0.40999999999999998 0.32179213496266429 -1.3962973078776408 0.1347704417504747
441 3 -0.81999999999999995 -2.0755840640269678 -1.401697149497185 -1.5192520491727595
442 4 0.40999999999999998 0.18304945726963992 1.3902454706836751 1.5874569597835255
443 4 0.40999999999999998 1.7726950638401371 -0.29528313590990984 0.40339912267741201
444 3 -0.81999999999999995 0.16980418614234105 -0.15922456825648812 0.16893258967665717
445 4 0.40999999999999998 -0.044818984161030702 0.032169722314821327 0.25602742778606363
446 4 0.40999999999999998 -0.027954552838822554 0.13445274994712869 -0.39589621426476979
447 3 -0.81999999999999995 0.74882502734160206 1.0218587255511824 0.71208405662071195
448 4 0.40999999999999998 -0.44770888345539206 -1.1298536167245965 -0.46004414232333068
449 4 0.40999999999999998 -0.52430007016504987 -0.12915582715987498 0.077298027846401302
450 3 -0.81999999999999995 -1.2985147931184544 0.06424190073742618 -0.43466234767760142
451 4 0.40999999999999998 0.20429071371568341 0.20720033256344053 0.73953645025011638
452 4 0.40999999999999998 0.8716012540278838 -0.25450058369760531 -0.44463561627522769
453 3 -0.81999999999999995 -0.16470059386684843 2.3178336768271159 0.028111625049822762
454 4 0.40999999999999998 1.4011997119792805 -2.2205175724457398 -0.74858314477343502
455 4 0.40999999999999998 -0.97564920322399007 0.04073080947362414 0.69905582754222328
456 3 -0.81999999999999995 -2.8825396999759603 -0.19835065684892172 0.17032538976871839
457 4 0.40999999999999998 1.6317556803971816 -0.96539816682717472 -0.13815340212565172
458 4 0.40999999999999998 0.93625097676097058 0.9340989668647306 0.04696519001910688
459 3 -0.81999999999999995 -1.1558804915838734 -0.034483776736253968 -2.1809458976750129
460 4 0.40999999999999998 0.89223687742139857 0.58010924657809415 0.65844320052425898
461 4 0.40999999999999998 0.28391651891722314 -0.71360456246729043 1.5567349689740302
462 3 -0.81999999999999995 -0.60269197168384114 2.0029701017998787 -1.3273694821080135
463 4 0.40999999999999998 1.3280272591433948 -0.41597369963947228 -0.026014314820302659
464 4 0.40999999999999998 -0.5225583492889081 -1.8165673117836521 1.3202997105223029
465 3 -0.81999999999999995 -0.16968270085435436 -0.1476940655345623 -0.45772444901674375
466 4 0.40999999999999998 0.12872171121162634 -0.38738569264594053 0.5630724665539879
467 4 0.40999999999999998 0.37354531896610776 0.38100478606315574 -0.14865412605802975
468 3 -0.81999999999999995 1.5344942579624286 -0.42635784440968411 0.58217763086083574
469 4 0.40999999999999998 -0.10228308036428951 -0.56198508356380839 -0.18033928992105133
470 4 0.40999999999999998 -1.3211782154902654 0.86569192849003418 -0.29276698021972286
471 3 -0.81999999999999995 -0.16806015501152174 0.98441832658088047 -0.26097575657522676
472 4 0.40999999999999998 0.1875182694965164 -0.054205618743830793 0.28707065470926874
473 4 0.40999999999999998 0.19546673197309142 -0.79750967738684364 0.3107639205770199
474 3 -0.81999999999999995 1.1430380799621107 -0.59011367347735544 -1.4987171953108835
475 4 0.40999999999999998 -0.92842158555724741 1.0302546088487872 0.81924607166686247
476 4 0.40999999999999998 -0.22784739776715993 -0.31919886096026939 0.40926782347965568
477 3 -0.81999999999999995 -0.0013144268031539338 1.4042084341017511 -0.041591972801991547
478 4 0.40999999999999998 -0.14953777578812721 0.19418026645389808 0.12836424239030675
479 4 0.40999999999999998 -0.049083621841751489 -1.1592986097095734 -0.034158439435940338
480 3 -0.81999999999999995 0.38335700583035465 1.5097745405227814 0.82474893802056981
481 4 0.40999999999999998 -0.0011990948887035736 0.41644896044156882 0.090357918013665675
482 4 0.40999999999999998 -0.068641462674420284 -2.0129169032166865 -0.8206227702637594
483 3 -0.81999999999999995 1.6911828860381117 1.7701502795583119 -0.14736990881300691
484 4 0.40999999999999998 -0.093543847741405742 -0.72230237583176005 -0.17806399576757895
485 4 0.40999999999999998 -1.4808420996350258 -0.90959889381348591 0.028588970177120636
486 3 -0.81999999999999995 -0.51731516309907399 1.0453073840667388 0.25560119548391486
487 4 0.40999999999999998 -0.33007495437217288 -0.13316651682434757 -0.313269747760691
488 4 0.40999999999999998 0.78167809871652905 -0.69530478582745214 -0.062803195568537321
489 3 -0.81999999999999995 -1.5227198472524355 -0.4086850782830338 0.52179557025537315
490 4 0.40999999999999998 0.34766616488245294 -0.31319885368834904 0.16527623417434342
491 4 0.40999999999999998 0.91626482090965577 0.53161756380221603 -0.48584489009859483
492 3 -0.81999999999999995 -0.67380452132562141 -0.49781607519130427 0.46640699940697339
493 4 0.40999999999999998 0.13518156149923577 -0.069621317935763358 -0.33272782211491198
494 4 0.40999999999999998 0.66143686569326143 0.42581759760225446 -0.28318791633669327
495 3 -0.81999999999999995 -1.1523207288660957 -0.30315713524345167 0.21199292057647612
496 4 0.40999999999999998 0.056292688367617062 0.091465137195761201 0.14661534722418301
497 4 0.40999999999999998 0.99676610447223335 0.1464816672491733 -0.17123624340303109
498 3 -0.81999999999999995 0.8001249623033071 0.25498005869280777 1.5077696442843582
499 4 0.40999999999999998 -0.57190028225839995 0.071141685717124509 -0.78551236700240012
500 4 0.40999999999999998 -0.20422884282016446 -0.091158006957523297 -0.3094247795756343
501 3 -0.81999999999999995 1.6119554332928669 1.3505581998490108 -1.4250357164409428
502 4 0.40999999999999998 0.11326303794908975 -0.44787949014925083 -0.47095367543179462
503 4 0.40999999999999998 -1.3530718251100557 -0.8182297470784794 1.9649345582552538
504 3 -0.81999999999999995 -0.31138611802745142 -0.98245441435908176 -1.9762623766682381
505 4 0.40999999999999998 -0.17239300772620039 0.82750477676814582 -0.084227156328838898
506 4 0.40999999999999998 0.65595295194897252 0.80280303380269646 2.3469977526171739
507 3 -0.81999999999999995 0.21432692298857725 0.39317985157198015 1.7305784851388395
508 4 0.40999999999999998 -0.37730889405383672 -0.58325460714672861 -0.83690131395279477
509 4 0.40999999999999998 0.26653331229982896 0.29512905335314121 -0.81723311907464191
510 3 -0.81999999999999995 0.43592303312709657 -0.51098582239551815 1.0237862446773642
511 4 0.40999999999999998 -0.62707318981601068 -0.25143513231663617 -0.6940255658040877
512 4 0.40999999999999998 0.052636678589950768 0.51903013851537216 -0.34966144968651119
513 3 -0.81999999999999995 -0.20607027915341078 0.18066799002648343 -1.8981145470700596
514 4 0.40999999999999998 0.11741637784586374 -0.50855160660089516 1.6422627233659657
515 4 0.40999999999999998 -0.19393364191557919 0.33658167908244385 0.055630703342914221
516 3 -0.81999999999999995 -2.2349166056349534 -0.21738990501800684 0.029311602031329733
517 4 0.40999999999999998 0.48914699618125229 0.36548096759123788 0.42533848719435741
518 4 0.40999999999999998 1.7024911746047711 -0.012759718137601489 -0.45217227581017677
519 3 -0.81999999999999995 0.43506180788012405 0.92257202011644812 1.4430499498869056
520 4 0.40999999999999998 0.62796473142614317 -0.91597709379987791 -0.41843732437655701
521 4 0.40999999999999998 -0.69531852822980422 0.0024642355704505891 -1.1256876195642431
522 3 -0.81999999999999995 1.7583630035269457 -0.20123731217019974 2.1151834708304409
523 4 0.40999999999999998 -2.5212924018807712 1.0723716606856184 -0.98563666034001185
524 4 0.40999999999999998 0.71246925568958419 -0.63522385414107863 -0.52006907417116777
525 3 -0.81999999999999995 -0.02483199679107027 -0.043812695194663201 3.6471455492436893
526 4 0.40999999999999998 0.36098178096120381 -0.4618626599697393 -3.2601306542879169
527 4 0.40999999999999998 -0.37068808650728124 0.347548371884705 -0.34139238656044973
528 3 -0.81999999999999995 -1.6292254398996808 -1.5625924189282125 -0.22018411146265357
529 4 0.40999999999999998 0.75829971669460516 0.99237690989845961 0.092354398605712706
530 4 0.40999999999999998 0.60130541646438662 0.26382851166242716 -0.025452361953921018
531 3 -0.81999999999999995 0.030609882857716299 0.2148053089916783 0.024048454606521628
532 4 0.40999999999999998 0.55093115143087146 0.48826972520093259 -0.035069207951419136
533 4 0.40999999999999998 -0.42455932133551472 -0.77599794269247835 -0.10005887698712181
534 3 -0.81999999999999995 -0.33816670156672385 0.26352375938643702 0.41543235922678873
535 4 0.40999999999999998 0.80104150310630562 -0.18330744424515127 -0.54498951151138131
536 4 0.40999999999999998 -0.44975838647674937 0.27154960159222119 0.0064902590510772309
537 3 -0.81999999999999995 -0.23379837068698386 0.89476586336658737 1.0411086128144422
538 4 0.40999999999999998 0.35715236089508734 -0.25963829333859745 0.10862951028086598
539 4 0.40999999999999998 -0.45694380653038696 -0.25413485080211212 -1.0193510122826355
540 3 -0.81999999999999995 1.3336339181299421 -0.083653016422784651 -1.2228906536806017
541 4 0.40999999999999998 -0.57626064655689779 -0.12784430016722734 1.3590816131850538
542 4 0.40999999999999998 -1.0767692782492382 -0.038110282566967628 -0.098392451632293404
543 3 -0.81999999999999995 0.88670314614553891 -0.10581648799465726 -0.64032025174463592
544 4 0.40999999999999998 -0.8944457590017878 0.34678386568467889 -0.26083535015904313
545 4 0.40999999999999998 0.094127495244748685 -0.18284306382790882 0.73336113996222196
546 3 -0.81999999999999995 -0.24398472268588767 -0.73982737673590537 -2.0783306512288533
547 4 0.40999999999999998 0.91612726518547327 -0.40320153978723394 1.7770502386550342
548 4 0.40999999999999998 -0.11658249200561473 1.0295467131639406 0.43501094783098254
549 3 -0.81999999999999995 0.53124147490005269 0.63116588394951512 0.35488052455912089
550 4 0.40999999999999998 -0.29944154698669823 -0.22329420972366115 0.062208395013899846
551 4 0.40999999999999998 0.078068143002140392 -0.2973014313845343 -0.44031712801530487
552 3 -0.81999999999999995 -1.5052813235628424 -0.3847723622101567 -0.8643610842034678
553 4 0.40999999999999998 0.32395148749437591 -0.035853172581329626 1.0856413511311827
554 4 0.40999999999999998 1.473821620048454 0.18401448515071339 -0.68124465470774653
555 3 -0.81999999999999995 -0.11147624595771945 0.29232168806291098 0.44149619879456869
556 4 0.40999999999999998 0.23830763277006922 -0.31544384884463095 -0.5677542254147605
557 4 0.40999999999999998 -0.24118432438986614 -0.30995585532446251 0.14878105809826012
558 3 -0.81999999999999995 1.1139139962325164 -1.5781897636502651 -0.69031469955809377
559 4 0.40999999999999998 -1.1517239567055584 1.6825191303255627 -0.44754366595336897
560 4 0.40999999999999998 0.62415251461370991 0.29232107221938308 0.94915931504942841
561 3 -0.81999999999999995 -1.5308484092211319 2.7511113071006847 -0.58697372837139217
562 4 0.40999999999999998 -0.34391187235807524 -1.0725257299525652 -0.17562901513174059
563 4 0.40999999999999998 1.2697981214639553 -1.0078301151361979 0.52941680223080967
564 3 -0.81999999999999995 0.37917670681821497 0.62279694909219474 0.16727797623708271
565 4 0.40999999999999998 -0.17896057377031538 -0.55606340690302947 0.82735958958584388
566 4 0.40999999999999998 0.1030371228410213 -0.74736497844912331 -0.23725970490505635
567 3 -0.81999999999999995 -0.16125673419763989 -0.7863600586227566 0.23579976086491794
568 4 0.40999999999999998 0.62291741848714832 0.71216099205187933 -0.2601812339237779
569 4 0.40999999999999998 0.022670054817948138 0.0017985622823854339 0.32755929905810915
570 3 -0.81999999999999995 -0.47811917185735625 -0.17386456082183088 -0.92951078611530247
571 4 0.40999999999999998 0.48548475904104565 -0.27980118608412169 0.064848369715032397
572 4 0.40999999999999998 -0.34347039263206386 0.19765722083517204 0.65169780393125065
573 3 -0.81999999999999995 -0.87559111348107876 -2.4153891637602749 0.056475915290566558
574 4 0.40999999999999998 0.60108600528911527 0.36387667933510853 -0.73530369191682365
575 4 0.40999999999999998 0.46728003280033087 2.1565594197666358 0.54008140767421753
576 3 -0.81999999999999995 -0.88531586372769555 0.27862322089629915 -0.30791575562748741
577 4 0.40999999999999998 0.62431811700061346 0.14921360439712231 -0.22575026289112396
578 4 0.40999999999999998 0.080775852547135887 0.051809940291682746 0.41172320874265128
579 3 -0.81999999999999995 0.23261547051743281 0.75340645520758798 0.086891509898127717
580 4 0.40999999999999998 -0.67600901626694243 0.095409042780459849 -0.26195015711340081
581 4 0.40999999999999998 0.4438323049815433 -0.54287822217827097 0.18655693978294002
582 3 -0.81999999999999995 -2.08017721400287 0.22510072432299361 0.66217379467088711
583 4 0.40999999999999998 0.38135133841003871 0.45032880898538946 -0.00056118302810999278
584 4 0.40999999999999998 1.9239251413020975 -0.33873020276392113 -0.52189883043106999
585 3 -0.81999999999999995 -0.46472382241825377 -1.2043699389693709 0.18055129168746339
586 4 0.40999999999999998 -0.13594565835746969 0.84258716231584485 0.084825313312886827
587 4 0.40999999999999998 0.65142426984975277 0.43973823354080338 -0.66175372062280069
588 3 -0.81999999999999995 1.3371556812956324 0.49978947382991967 -0.23312214487614968
589 4 0.40999999999999998 -0.42136564863895304 0.16638748338761514 -0.39271812907920578
590 4 0.40999999999999998 -0.69824747101900875 -0.61847643965873333 0.73102869901363121
591 3 -0.81999999999999995 -0.43582003465884622 -1.0685925267731953 -0.25084324418852066
592 4 0.40999999999999998 0.14605932678256625 0.91813596238906392 -0.086670635903575668
593 4 0.40999999999999998 0.11273659334020646 -0.006800241625043211 -0.23162728281749984
594 3 -0.81999999999999995 0.15869612623222287 -0.31234473071305574 0.049675349811036183
595 4 0.40999999999999998 -0.0020137846433898833 0.13582543429372221 0.024137742653444174
596 4 0.40999999999999998 -0.14571035671787605 0.11425050191460899 -0.3034800924604934
597 3 -0.81999999999999995 0.39139070540996462 0.027093667242355398 -0.13559591962972997
598 4 0.40999999999999998 -0.34156745712053826 -0.17010591937583883 -0.38630487212950604
599 4 0.40999999999999998 -0.31219312358035378 -0.098177207228551069 0.41101674319668829
600 3 -0.81999999999999995 -0.52083435472849682 1.1279079962290548 -0.15489122768152491
601 4 0.40999999999999998 0.55877398678200807 -0.70304021320123899 0.32698469196746272
602 4 0.40999999999999998 0.37905747501993681 -0.37559225038357635 -0.18313971680839211
603 3 -0.81999999999999995 -0.17290975560541291 -0.69094918059112909 -0.72031959348262153
604 4 0.40999999999999998 -1.1490457565337888 0.33973692437921471 0.38830954492162228
605 4 0.40999999999999998 1.1919731712478143 0.46266448062026216 1.0693842448393431
606 3 -0.81999999999999995 -0.67051141755508503 -0.2372104097570015 0.87571513327940276
607 4 0.40999999999999998 0.41914736838732769 -0.020621139761200197 -0.082391987726193217
608 4 0.40999999999999998 0.26836597152864783 0.031399304436021833 -0.60878780582346492
609 3 -0.81999999999999995 -1.1872245109738464 -0.11430140388308081 -1.8335856799637871
610 4 0.40999999999999998 -0.27146987474724554 -0.1597863165774672 0.59878560696114635
611 4 0.40999999999999998 1.5442304978847659 -0.11455325502969851 1.050284394415355
612 3 -0.81999999999999995 -0.71869382380889746 -0.10155492565721022 -0.64345651552749539
613 4 0.40999999999999998 0.21833994465893314 0.49875036071439299 0.43792699333464136
614 4 0.40999999999999998 0.088136485124219982 0.13063917804116368 -0.24219899600073536
615 3 -0.81999999999999995 -1.0544650356365635 0.92350629226257763 1.5213323960670055
616 4 0.40999999999999998 1.7773215556729287 -0.05307060321954625 -1.6504175705592126
617 4 0.40999999999999998 -0.20023583074196022 -1.0779843702887053 0.26454997491948329
618 3 -0.81999999999999995 -0.030549538629858021 1.0722534771430352 3.3717996494551561
619 4 0.40999999999999998 0.9634503257840682 -0.19080408266552873 -2.7640566979119887
620 4 0.40999999999999998 -0.57005240848455807 -0.61577011566553863 -1.041045198880814
621 3 -0.81999999999999995 -0.66619317998060523 1.4029837791903437 -0.51018700224021296
622 4 0.40999999999999998 -0.055766168698827882 -0.95041814426868165 0.52633616204429712
623 4 0.40999999999999998 0.60457060377598415 -0.25023804862378163 -0.0049934873790438211
624 3 -0.81999999999999995 -0.54079996546388365 2.4633572659164398 0.8349809920099579
625 4 0.40999999999999998 0.26116623875000855 -1.6943663669817206 0.74752989526374403
626 4 0.40999999999999998 0.033157944317811799 -0.67650364715014599 -1.8071156327106661
627 3 -0.81999999999999995 -2.1249558634636991 -2.214958322366515 1.4620567743007111
628 4 0.40999999999999998 2.022516766674642 1.1847926211803168 -0.89787339698870039
629 4 0.40999999999999998 0.37921274200488292 0.85594717463133396 -0.54567397838627851
630 3 -0.81999999999999995 0.44146227395616527 0.88579719174547866 -0.13971889240472876
631 4 0.40999999999999998 -0.59113700439006667 -1.0837499403252406 -0.16483733188074809
632 4 0.40999999999999998 0.15059113848620201 0.035248636026382271 0.18277141809740582
633 3 -0.81999999999999995 0.66201058878072128 0.34580450421365877 0.47495040391704341
634 4 0.40999999999999998 0.31454410612839367 0.11661775322760448 -0.29604851607496085
635 4 0.40999999999999998 -0.42388016444799248 -0.33315310479705984 -0.31288717656110637
636 3 -0.81999999999999995 -0.19804423961100437 -0.15997559611081902 0.48135510498946427
637 4 0.40999999999999998 0.01486402343605033 0.11907082106449809 -0.27545173667419826
638 4 0.40999999999999998 0.21470482666321383 0.033031894799898563 -0.087339714352063419
639 3 -0.81999999999999995 0.15552598174115415 -1.3090452329005342 -0.82220568880944511
640 4 0.40999999999999998 -0.39769297823464017 0.21145549297822303 -0.15996959072664496
641 4 0.40999999999999998 -0.19511412272596521 0.79260559439970268 0.56231570454417767
642 3 -0.81999999999999995 0.78260677689376335 0.53215826561334256 -2.2545868314989357
643 4 0.40999999999999998 -0.066083339885149722 -0.047455289193089327 -0.18578880459914573
644 4 0.40999999999999998 -0.8255525246209221 -0.45533494462625396 2.3678135717185671
645 3 -0.81999999999999995 -0.84038471541886561 0.14355494925155199 1.4368645575635788
646 4 0.40999999999999998 0.85677094325605763 -0.78417132296006853 -1.4546600608568727
647 4 0.40999999999999998 -0.19429284183769227 0.21542857800512777 -0.22652299318265043
648 3 -0.81999999999999995 -2.5443716686758218 1.4812714862716896 1.4982747109577776
649 4 0.40999999999999998 2.8155770558057092 -0.52600946568365869 -0.86983094199656563
650 4 0.40999999999999998 -0.20969293514503207 -1.0271457003445958 -0.59677517751104536
651 3 -0.81999999999999995 2.7256589069038166 -0.16737809000250037 2.3437315737494586
652 4 0.40999999999999998 -0.091168285118717482 -0.276514641570067 0.21082667453398504
653 4 0.40999999999999998 -2.5087436031609607 0.73570299992881127 -2.3066379004963431
654 3 -0.81999999999999995 -0.89693960327244271 -1.1050821221393061 -1.0568325574277178
655 4 0.40999999999999998 0.16786540206230072 -0.52399008443297657 0.84617942992026718
656 4 0.40999999999999998 0.89131909505978202 1.6008727655324897 0.53613401093017088
657 3 -0.81999999999999995 -0.065140144458579963 -1.2100266710056324 -0.22961865175453969
658 4 0.40999999999999998 0.16329119381202811 0.16280200018473892 0.20971671752350665
659 4 0.40999999999999998 -0.075228471450765139 0.66097218761772392 0.1849881112257952
660 3 -0.81999999999999995 0.099642488784137229 -0.95440572225279197 1.5863796201906599
661 4 0.40999999999999998 0.78217776064879796 0.16544847164078941 -0.14619786935132498
662 4 0.40999999999999998 -0.65982624845868942 0.71415125031572912 -1.4314361736775889
663 3 -0.81999999999999995 0.58935942665778118 -1.6673332671458687 0.72419155759009735
664 4 0.40999999999999998 -0.21674640025714037 -0.022658424780038891 0.3725784122945795
665 4 0.40999999999999998 -0.62168734076228649 1.7385300190624893 -0.93831646298801419
666 3 -0.81999999999999995 0.25047259807294298 0.60103936756016574 -0.61209929670348961
667 4 0.40999999999999998 0.10603401465195197 -0.44633055907078129 0.26488583636267038
668 4 0.40999999999999998 -0.20651315580881394 0.054233909026605763 0.59924784269324649
669 3 -0.81999999999999995 -0.5093189134744196 1.0267524649732285 0.50988372223769374
670 4 0.40999999999999998 1.665481904751936 0.17132630400271742 -0.035364747700050998
671 4 0.40999999999999998 -0.67214498732761807 -1.1677841955279988 -0.73019707214005236
672 3 -0.81999999999999995 0.82012604488524221 -0.46073749361021932 0.38239995707950136
673 4 0.40999999999999998 -0.68076241008446425 0.41218799990211186 0.18630804115674085
674 4 0.40999999999999998 -0.22830092318508974 0.44894352500037688 -0.34111251036972506
675 3 -0.81999999999999995 0.84410132065150312 -0.41238457672483941 0.52282459622570587
676 4 0.40999999999999998 -0.34705102478115313 0.24460246098965838 0.27414030662977984
677 4 0.40999999999999998 0.10515024465835847 0.7362515292707289 -1.1523011400282672
678 3 -0.81999999999999995 0.70988506339899671 -1.4957903333887135 0.9006203864135407
679 4 0.40999999999999998 -0.94538909166898755 1.1826250070040754 0.38803561775014928
680 4 0.40999999999999998 0.4092368860296059 0.16801818065504465 -0.83889146646641555
681 3 -0.81999999999999995 -0.98526974742505891 -0.75073521156160938 1.7356297103046723
682 4 0.40999999999999998 0.62439773465089221 0.36143305035732382 -0.23003618837770984
683 4 0.40999999999999998 0.25839702063427522 0.31441610499144884 -2.1687383246564234
684 3 -0.81999999999999995 -0.0003446511115805893 0.32151768488083587 -1.0571569172543889
685 4 0.40999999999999998 0.24114812606976321 0.36324183309634339 0.49004852748102845
686 4 0.40999999999999998 -0.18587417055277769 -0.64144726964760679 0.69421125907808257
687 3 -0.81999999999999995 -0.040799915600211366 1.8911781659949836 0.17123020430688049
688 4 0.40999999999999998 -0.17095236826591689 -1.9320271077046867 -0.57021061423482822
689 4 0.40999999999999998 0.1491224145345654 -0.064699358540257518 0.20657021259894412
690 3 -0.81999999999999995 -0.59277333174072999 0.93040788849700096 -1.1056074181714661
691 4 0.40999999999999998 0.333992729730619 -0.42709989672583204 0.76858423813322529
692 4 0.40999999999999998 0.00277339530870502 -0.53430318558825618 0.50907572086684272
693 3 -0.81999999999999995 0.2300185194310487 0.42557797920731272 -0.62163526211498032
694 4 0.40999999999999998 -0.18996056265137912 -0.077139335472275986 0.095028630406233425
695 4 0.40999999999999998 -0.1875761398983489 -0.53495442442649666 0.45411561652633803
696 3 -0.81999999999999995 -2.5124132772064067 -0.11299221973499077 0.9677501871308376
697 4 0.40999999999999998 0.76170347665017923 0.4725652209397101 0.22977233370261443
698 4 0.40999999999999998 1.4557980560237387 -0.87061629070234314 -0.70702667155026611
699 3 -0.81999999999999995 0.3791210544559756 0.27059522252260609 -0.49972479100951278
700 4 0.40999999999999998 0.72074736658114025 0.65340179110117824 0.85763704596888157
701 4 0.40999999999999998 -1.0845022511377116 -0.97822010617703437 -0.72992895210797715
702 3 -0.81999999999999995 -0.39438223302868031 -1.3864430406701407 2.263902795024566
703 4 0.40999999999999998 0.14501843904168465 0.085784060183845295 -0.39046750084349113
704 4 0.40999999999999998 0.036904579655346638 1.4604131476773567 -1.8623311543694352
705 3 -0.81999999999999995 0.060862694676024821 -0.2527274993991474 0.27203962021180234
706 4 0.40999999999999998 -0.10801475127850903 -0.29044670443062831 0.32934336014823817
707 4 0.40999999999999998 0.095454338325352509 0.17540860200428982 -0.05279805896669814
708 3 -0.81999999999999995 -0.098720087799760381 1.2818925661944867 -2.8669409892157489
709 4 0.40999999999999998 0.68996413514406862 -0.13862521118118692 1.834365164493055
710 4 0.40999999999999998 -0.49621871012081586 -1.0394975484556352 0.89321364531534719
711 3 -0.81999999999999995 -0.30611257171522371 1.3389295738880489 -0.59008438386790385
712 4 0.40999999999999998 0.092903815103808005 -0.26185590000026243 0.46191731854243323
713 4 0.40999999999999998 0.21315064338095963 -0.82003887081447169 0.24678536388829475
714 3 -0.81999999999999995 3.0796831694722169 -0.20200781774347121 -0.55987651856660037
715 4 0.40999999999999998 -2.2839692094800879 -0.02002932502830472 0.75295652429045101
716 4 0.40999999999999998 -0.74047316762693027 0.072049298769116782 -0.034501959380229742
717 3 -0.81999999999999995 -0.68351387904825334 -0.44771080908341676 -3.0333803514181463
718 4 0.40999999999999998 0.18345397804640357 0.085412174309288186 2.7594764178337501
719 4 0.40999999999999998 0.55570156291929496 -0.14844720366569938 0.53236566201419078
720 3 -0.81999999999999995 0.18891622846438499 1.2003813662043359 0.52898237278870097
721 4 0.40999999999999998 0.12073547441062495 -1.1742552377233466 -0.33267749059438195
722 4 0.40999999999999998 -0.2066410752361226 -0.23869825441262502 -0.27402917174332669
723 3 -0.81999999999999995 0.062370852528455832 1.4021602396158028 0.0094253040337471325
724 4 0.40999999999999998 -0.30880914395142922 -1.0276090749150157 -0.73808258157331552
725 4 0.40999999999999998 0.16372190552445967 -0.41476679339420458 0.73743979863105691
726 3 -0.81999999999999995 -0.18825464575023423 -0.15159065626095561 -0.53000695608636306
727 4 0.40999999999999998 -0.11862036414647857 -0.05348247870506237 0.1705029821178812
728 4 0.40999999999999998 0.059083149329272208 0.2757545619634893 0.120927554859699
729 3 -0.81999999999999995 0.18216531064370381 0.17964195807836933 -2.9294802529937036
730 4 0.40999999999999998 -0.9523050008735916 -0.63864676509807894 0.75699456690703526
731 4 0.40999999999999998 0.54657130656099351 0.32045218269730646 2.3705579002060486
732 3 -0.81999999999999995 -0.53704922004374656 -0.13791521904451801 -0.034710617560540294
733 4 0.40999999999999998 0.34434885289549971 -0.025538579984665785 0.19210265310044553
734 4 0.40999999999999998 0.26805740719072024 0.23595446630309747 0.10726152487229694
735 3 -0.81999999999999995 -0.89415252977254733 -1.2335888898868901 0.0059228998494605389
736 4 0.40999999999999998 0.63842096270723736 1.3603334127069018 -0.13986823848629432
737 4 0.40999999999999998 0.30541856418998037 -0.21625098971131979 -0.15078624582045158
738 3 -0.81999999999999995 0.66659676382834809 0.28653189436305271 0.46450543521521509
739 4 0.40999999999999998 0.21698121590604957 -0.35398944768372764 -0.023491419411781282
740 4 0.40999999999999998 -0.60859838668706034 -0.42998258412783485 -0.3502622316035508
741 3 -0.81999999999999995 0.54104805277628198 0.67806832731713929 1.5584125371643607
742 4 0.40999999999999998 -0.080133719134491549 -0.64248703445759359 -0.69279356246466672
743 4 0.40999999999999998 -0.045219849918293691 0.27645838096972292 -1.095157262756536
744 3 -0.81999999999999995 2.3567103906361622 0.30365660096259195 -0.15966055115458938
745 4 0.40999999999999998 0.027029598491205838 0.12322308346612634 -0.18819347337371442
746 4 0.40999999999999998 -2.4571311144850427 -0.62334146857161732 0.28744548703467815
747 3 -0.81999999999999995 -0.56530564994247168 0.95722750671883206 -0.76166800304362381
748 4 0.40999999999999998 0.44381079071209351 -0.82501802567149729 0.54355830476517009
749 4 0.40999999999999998 0.10511352371029936 -0.24763621662589957 0.19720283965177399
750 3 -0.81999999999999995 0.24189057236237654 0.43612450211857584 -0.76637571234235125
751 4 0.40999999999999998 0.16965328034244875 0.15491903803808452 1.2391470743430331
752 4 0.40999999999999998 -0.40422056866617873 -0.51833549518382671 -0.3692006088523368
753 3 -0.81999999999999995 -0.53571212014523739 0.94360438850323181 -0.49581064676607378
754 4 0.40999999999999998 0.20043350320923051 0.25274918545217767 -0.47722486850396822
755 4 0.40999999999999998 0.17119660417284699 -0.94184955873208032 0.56709523852073784
756 3 -0.81999999999999995 0.17146710146692165 -0.26919363084101816 0.23616716377808486
757 4 0.40999999999999998 -0.16270498114443191 0.13590809133875234 0.4750207350460684
758 4 0.40999999999999998 0.024674114597562243 -0.35812756749511498 -0.7144520953499881
759 3 -0.81999999999999995 -0.76255443115376331 -1.3558321044611312 -1.0081804777940329
760 4 0.40999999999999998 0.69626839437046295 -0.53505196750097694 2.6708558201780526
761 4 0.40999999999999998 0.0030161798731065323 1.7011683894482437 -1.2723824172206222
762 3 -0.81999999999999995 0.3360222664238669 -3.0014520694880966 -2.022190487061192
763 4 0.40999999999999998 -0.27726003008693867 2.4445500162174345 1.7407392782346163
764 4 0.40999999999999998 -0.18682824549853358 0.34238272171538137 0.6536555120462475
765 3 -0.81999999999999995 0.1923000457143596 1.054278654480957 0.058220237459422161
766 4 0.40999999999999998 -0.60424530597533244 -0.36514224077766355 0.3352307997943858
767 4 0.40999999999999998 0.63323907929670387 -0.37507264622102032 -0.55909734612394368
768 3 -0.81999999999999995 0.060163773788376181 -2.1251303054943942 -0.56210368528495569
769 4 0.40999999999999998 0.15039687717770719 -0.078132905275544631 0.15448723263495773
770 4 0.40999999999999998 -0.66480629892844922 2.5430732153207418 0.45443079409256704
771 3 -0.81999999999999995 0.71941133160455861 -1.1153133821404109 -0.41555763619153918
772 4 0.40999999999999998 -0.35668076956300121 0.44578661022174515 0.55872480934459867
773 4 0.40999999999999998 -0.62829612329566542 0.80709209281641947 -0.10458123154143541
774 3 -0.81999999999999995 0.61050371605512266 -0.077936667751802691 0.75119204177902366
775 4 0.40999999999999998 -0.52413712050689332 -0.24159171390499534 -0.4940385851675354
776 4 0.40999999999999998 -0.26163491029575275 0.29608915846567752 -0.21851284979308194
777 3 -0.81999999999999995 0.29377357743967475 -0.41454164593298204 -0.056196791116727061
778 4 0.40999999999999998 -0.14626397397529176 0.17899090202366019 -0.19935054831269855
779 4 0.40999999999999998 -0.016670582790718209 0.13458330675953914 0.26047153481063057
780 3 -0.81999999999999995 1.3074665537048018 -0.506502320232321 -0.86315225568310339
781 4 0.40999999999999998 -0.58739736076869509 -0.0057829076252541595 0.26459650302264809
782 4 0.40999999999999998 -0.47489802907453382 0.27899759238321309 0.54015690833341623
783 3 -0.81999999999999995 0.22898598542798193 -0.25562048957318362 0.15236880093443203
784 4 0.40999999999999998 -0.11825439243577904 0.12442794526600054 0.19999081166977445
785 4 0.40999999999999998 -0.1994564633121334 0.33767056106634097 -0.035600869510777865
786 3 -0.81999999999999995 -0.59298047265356979 0.22224715091226085 0.010724776255570461
787 4 0.40999999999999998 0.32313515391026559 0.1193339954215767 0.016431202034648849
788 4 0.40999999999999998 0.63873966219162936 -0.8420947094117518 0.22750284485645764
789 3 -0.81999999999999995 -0.18293720288860163 2.209213746911169 -1.5189249548458355
790 4 0.40999999999999998 0.15156930113245232 -2.360439885230964 0.094796254257924803
791 4 0.40999999999999998 0.04401095806395422 -0.0027231647227781855 1.2333595785019364
792 3 -0.81999999999999995 0.076353362613232112 3.0299468461304144 0.91777099503926129
793 4 0.40999999999999998 -0.25548196190142564 -0.3182176985424004 -0.66519212521076965
794 4 0.40999999999999998 -0.010540863991564271 -2.3012392651482392 -0.54487972591395728
795 3 -0.81999999999999995 0.62103867734803586 1.0215559286426725 2.2754902600032536
796 4 0.40999999999999998 -1.035650171823939 -0.81253184568682957 -0.52366882628734168
797 4 0.40999999999999998 0.49253571934071028 -0.25440341087875967 -2.1838384821469621
798 3 -0.81999999999999995 -0.22676224306697454 0.89853797833107441 -0.66438032191703822
799 4 0.40999999999999998 0.066739748298878174 0.031496729449613896 0.087641608876637273
800 4 0.40999999999999998 0.39302811673507515 -0.44830563238664223 0.0019915358830521271
801 3 -0.81999999999999995 -0.01571274658822985 -0.10785501585110449 -0.37949002813468241
802 4 0.40999999999999998 -0.3319271753539158 0.022282981178232429 0.25997028367196412
803 4 0.40999999999999998 0.34759117848995297 -0.045965995819980864 -0.095938487082036172
804 3 -0.81999999999999995 -0.050095653818388403 1.9816243692496058 2.28219268334434
805 4 0.40999999999999998 -0.99463355032719813 -2.5781449379675951 -1.4559708617303702
806 4 0.40999999999999998 0.79952235252958992 0.52358225031328709 -0.5330657537056519
807 3 -0.81999999999999995 -0.0090524659833287214 -0.45731814650139391 1.3573238302896737
808 4 0.40999999999999998 0.45392107159732098 0.14973586046309481 -0.32874710216911807
809 4 0.40999999999999998 -0.21908075532425833 -0.26166720866207488 -0.22456571505727396
810 3 -0.81999999999999995 1.6259207562960925 -0.44187138120491376 -0.22856810852375897
811 4 0.40999999999999998 -0.10941045213977577 0.14601762106089033 -0.14180890578412417
812 4 0.40999999999999998 -1.4636256328699582 0.44574275104625577 0.32710631751418623
813 3 -0.81999999999999995 2.5242945747842258 -0.89561425055315624 -2.3960331027260553
814 4 0.40999999999999998 -2.2997848895391404 0.51651839466797234 1.2379619892388916
815 4 0.40999999999999998 0.10767720827955121 0.69663656376812078 1.0270398332914328
816 3 -0.81999999999999995 1.0348809290300982 0.56754522653380901 0.083350991682941661
817 4 0.40999999999999998 -1.7820262354731471 -0.034230403942191859 0.88306857475884382
818 4 0.40999999999999998 0.25310972976224677 0.041436812964195317 -1.4080878707714544
819 3 -0.81999999999999995 0.35448144149983313 -0.76854276956547829 1.2954831203709554
820 4 0.40999999999999998 -0.37648944941896351 0.46031627196958214 -0.35183992157516053
821 4 0.40999999999999998 -0.12443831756241105 0.30046030833998028 -0.94430093974010609
822 3 -0.81999999999999995 0.14279063085968963 -0.43909465047559293 0.0050759363984558253
823 4 0.40999999999999998 0.15955086753132411 -0.093760059633053811 0.17795874488312224
824 4 0.40999999999999998 -0.21776359290447594 0.49917686935460748 0.021118007243952564
825 3 -0.81999999999999995 0.85972494699219582 0.76836651457429639 0.8139243295523797
826 4 0.40999999999999998 0.18835500499120575 0.10052042179562569 -1.285949259992895
827 4 0.40999999999999998 -0.9382004033201351 -0.76988550607755513 0.15428730950154756
828 3 -0.81999999999999995 -1.2693910702281639 -0.87482799109997678 -0.17471253843443818
829 4 0.40999999999999998 -0.17437562877235252 -0.027787902919201669 0.59287623094026998
830 4 0.40999999999999998 1.7690330711483473 0.9005885187121504 -0.39693387342614511
831 3 -0.81999999999999995 -0.47888641146415156 -0.30022176906824832 -1.1255564343713067
832 4 0.40999999999999998 -0.17090313572670296 0.13541412141228287 0.3850591651672966
833 4 0.40999999999999998 1.0459402597135337 0.52463907948260169 0.85461206591337968
834 3 -0.81999999999999995 0.36755076206381015 -0.070933237666675475 0.12810706912627248
835 4 0.40999999999999998 -0.63575607174623672 -0.065839215499434542 -0.25957295884875953
836 4 0.40999999999999998 -0.19296599283492552 -0.0036162803316812644 -0.047630223171437107
837 3 -0.81999999999999995 1.2783943859948428 -2.4035844537434921 -1.6459060683162972
838 4 0.40999999999999998 -1.536095884598939 1.1866332420865477 1.3269356501560341
839 4 0.40999999999999998 0.4173828074450423 1.3654130320043081 0.59746213472576071
840 3 -0.81999999999999995 -0.58012985374759951 2.6059906309177983 -0.21753442936222034
841 4 0.40999999999999998 0.83800089633229302 -1.6512510731095364 -0.10471937955174301
842 4 0.40999999999999998 -0.76930991616453492 -0.21265454813869464 0.08843106563895084
843 3 -0.81999999999999995 0.55663596990486375 1.8947020618483088 -1.3197970536010541
844 4 0.40999999999999998 0.1756253867646306 -1.4751586046410017 -0.30751842493964515
845 4 0.40999999999999998 -1.0254821597162247 -0.39262960271172709 0.95401593744521407
846 3 -0.81999999999999995 -0.001532782754023639 1.7194123472813341 -1.6709702610473318
847 4 0.40999999999999998 0.037263900264189985 -1.8364803732868085 1.6045959071825708
848 4 0.40999999999999998 0.17962220366936626 -0.13677513797195948 0.26617304136340558
849 3 -0.81999999999999995 0.29308314731274021 0.060291873133974973 0.21185235699704041
850 4 0.40999999999999998 0.18105819277513935 0.50603391854123114 0.4008236576652115
851 4 0.40999999999999998 -0.82918490535790612 -0.081971948827832722 -0.65480320399807357
852 3 -0.81999999999999995 -1.1858464112204337 0.53785359908095143 -0.35375830244934647
853 4 0.40999999999999998 0.93237646392697504 -0.75795008938367225 0.26692191710969487
854 4 0.40999999999999998 -0.018090484221432931 0.050308533570996163 0.088453126603188853
855 3 -0.81999999999999995 2.0885981213869047 0.69881618591606876 -1.294147716289578
856 4 0.40999999999999998 -1.2122016395760102 -1.1458480717591042 0.90048256460266518
857 4 0.40999999999999998 -0.83120311916909539 0.78769589536631279 0.54022737630310158
858 3 -0.81999999999999995 -0.74628180835958879 -0.17755205262244039 0.65945352029938265
859 4 0.40999999999999998 -0.42236767638869988 -0.10935164086674831 -0.82055340719297731
860 4 0.40999999999999998 0.76577692382817453 0.21028658941662093 -0.26995971642951583
861 3 -0.81999999999999995 -0.026205917615885022 -0.047650172784590827 0.95397157808287059
862 4 0.40999999999999998 0.04991540028627766 0.087737001153509867 -0.14381585600087662
863 4 0.40999999999999998 -0.18137425589445097 0.29868486197477023 -0.39913414648698375
864 3 -0.81999999999999995 -0.31799643458601889 1.5301364516866065 -0.5713720166950963
865 4 0.40999999999999998 0.33334780127312519 -1.6094006283566913 0.59470953274768978
866 4 0.40999999999999998 0.25434839520455166 -0.27317118454886524 0.58269309287234916
867 3 -0.81999999999999995 0.052489838443300456 0.37650201263206756 -0.77118311690093055
868 4 0.40999999999999998 0.044129943768614927 -0.41267048900878772 0.60142846619078372
869 4 0.40999999999999998 0.24714156649778105 0.56485854383912493 0.34280831761097263
870 3 -0.81999999999999995 0.11446837277040328 -0.0013045703224671668 -1.5189646266814103
871 4 0.40999999999999998 0.46519849326300416 -0.58455250985365115 0.56147399930507225
872 4 0.40999999999999998 -0.48910542115354089 0.43998243192673159 0.98689431134817462
873 3 -0.81999999999999995 0.7126859385816432 0.34038382321254063 1.8974117833661097
874 4 0.40999999999999998 -0.17593278071729845 -0.042608793518585368 -0.51472714042601353
875 4 0.40999999999999998 -0.73634152383881724 -0.19922387774959582 -1.2223169274052452
876 3 -0.81999999999999995 -0.84073384217764968 0.46715251034395827 0.57887220322229638
877 4 0.40999999999999998 0.79380675035582682 -0.48051492898500692 -0.81920273098489815
878 4 0.40999999999999998 0.073109204936388603 -0.10288739270210048 0.21575077133718121
879 3 -0.81999999999999995 -1.4654641226282425 -0.75385967705502832 -0.55079081470606772
880 4 0.40999999999999998 0.01243408541938309 0.69894757696815879 0.6535128596740637
881 4 0.40999999999999998 0.54842360413097235 -0.48936388758255522 0.15576896281886105
882 3 -0.81999999999999995 0.4700382662025957 -0.98023869134321273 0.14078816547815654
883 4 0.40999999999999998 -0.027195077837910069 0.5336390991013592 0.16372554829705371
884 4 0.40999999999999998 -0.32917052688125104 0.36232713074456452 -0.2083997321104181
885 3 -0.81999999999999995 1.2389680385145654 1.9737393009622515 0.14991106136018983
886 4 0.40999999999999998 -1.2060151773652781 -1.3953911855276708 -0.62572807961966659
887 4 0.40999999999999998 -0.0054763851148596386 -0.21077371750755056 0.17330273277324384
888 3 -0.81999999999999995 0.12355987760921545 -0.70377847712923236 0.00076713774085100076
889 4 0.40999999999999998 -0.087389774211279816 -0.1989554412320832 0.31403207320586357
890 4 0.40999999999999998 -0.16541126970756762 0.74544486450906755 -0.19016430564196393
891 3 -0.81999999999999995 -1.4004945524238914 0.31607629624936079 -0.89431085637004826
892 4 0.40999999999999998 0.15617674493256045 -0.11685832847337681 -0.10508066938049458
893 4 0.40999999999999998 1.089293698325503 -0.49597674219622734 0.76645960752289366
894 3 -0.81999999999999995 1.5224726535131126 -0.57981998771841681 0.5641324270986865
895 4 0.40999999999999998 -0.82432974700567796 0.68678684428804604 0.014005209358528895
896 4 0.40999999999999998 -0.20628231156654991 0.1496239219517968 0.060521230586095834
897 3 -0.81999999999999995 -0.51714700638464839 1.1361540613363423 0.69965359048506703
898 4 0.40999999999999998 0.58124057667050411 -0.0281573559078536 -0.79723767398734147
899 4 0.40999999999999998 0.018076308901450774 -0.79583198590781123 -0.1156996193799788
900 3 -0.81999999999999995 -0.76482741056327685 -1.1289027852537139 0.61832678732931068
901 4 0.40999999999999998 0.64378390797409224 0.790409369148665 -0.032233698616265911
902 4 0.40999999999999998 0.10802598214922049 0.53035451955002977 -0.30869103702614215
903 3 -0.81999999999999995 -2.2277046814549584 -0.30840487252999566 0.88563683839791285
904 4 0.40999999999999998 -0.10554839121910579 -0.22625609353733292 -0.58425989879232032
905 4 0.40999999999999998 1.4277414338229504 -0.0087817385052418248 -0.2610332468659462
906 3 -0.81999999999999995 -0.9416132821328963 -1.2643749202080907 -2.1658050411669549
907 4 0.40999999999999998 0.22830115546024674 1.923119695550306 1.4009868051559244
908 4 0.40999999999999998 0.69873418105072327 -0.45924544914416554 0.38592289307744082
909 3 -0.81999999999999995 0.27814846669094756 -1.1235334861301711 -0.2709899792702597
910 4 0.40999999999999998 -0.11086579172117861 -0.085782988411462646 0.18211449738335217
911 4 0.40999999999999998 -0.65771119899772335 1.2778190730165173 -0.2459243137070507
912 3 -0.81999999999999995 -1.54530114108747 -0.023509221179881197 -1.0182632856823515
913 4 0.40999999999999998 0.75885611810743359 0.26580289342838886 0.42284874317827426
914 4 0.40999999999999998 0.56270473757705441 -0.35367358213365757 0.43127049935617978
915 3 -0.81999999999999995 -0.27527172829621049 0.1951075380746243 -0.19918946637857507
916 4 0.40999999999999998 0.0084900125973967951 0.073680670932772308 -0.01528859961467177
917 4 0.40999999999999998 -0.049957746659438688 -0.27440743525060884 -0.10255251485195849
918 3 -0.81999999999999995 0.63767626329983962 0.21991024594836783 0.33653070882032804
919 4 0.40999999999999998 0.062186926958413963 0.46726849071579318 -0.23671208664804644
920 4 0.40999999999999998 -0.97476295251621159 -0.42924722011438909 0.035458543720979896
921 3 -0.81999999999999995 -0.69861607681606874 -0.97775041942909124 -0.23972461844327653
922 4 0.40999999999999998 -0.14689038156762521 0.57059864348975287 -0.0473140116394365
923 4 0.40999999999999998 0.57947512220323516 0.3324490621403019 -0.039318372335813423
924 3 -0.81999999999999995 1.2662531476684771 3.4508521703474884 0.15722947476952825
925 4 0.40999999999999998 -0.61192161295859682 -2.9839285603444061 -0.60017960215733479
926 4 0.40999999999999998 -0.56084733704727563 -0.1979842624912663 0.24807928766202633
927 3 -0.81999999999999995 -1.7180609763092654 -0.48467135169349995 0.08260405694784681
928 4 0.40999999999999998 1.3683434746582217 1.1475164031795637 -0.35864762641359871
929 4 0.40999999999999998 -0.35380585932585362 -0.58161939026219889 0.050779382448327165
930 3 -0.81999999999999995 -1.1975434768458277 0.22287037795371445 -3.7747472053143798
931 4 0.40999999999999998 0.43546928070270829 0.2585024516957769 0.45411324602201647
932 4 0.40999999999999998 0.39115541178387936 -0.23357902828352811 2.8829031882302738
933 3 -0.81999999999999995 0.45216245349628625 0.6441775993702521 -0.13541987062847735
934 4 0.40999999999999998 -0.14727572789765783 -0.045682421485588931 0.29375022212785723
935 4 0.40999999999999998 -0.08049114446160581 -0.52536443541865752 0.1114418999743496
936 3 -0.81999999999999995 0.94101965285960454 0.067769169515861885 -0.56981246798254204
937 4 0.40999999999999998 -0.019986701963601222 0.3556462106920622 0.60672281468110922
938 4 0.40999999999999998 -0.60111765108808002 -0.40307635809720704 -0.1587417428585858
939 3 -0.81999999999999995 0.37039367079847868 0.7427583537038881 -0.033958358972093837
940 4 0.40999999999999998 -0.17296582681906655 -0.5804234435682043 -0.26113821679749671
941 4 0.40999999999999998 -0.13680619118139803 -0.06134726051718236 0.17482162055489503
942 3 -0.81999999999999995 0.059475759833811488 0.9326341004501969 0.61394397717326166
943 4 0.40999999999999998 -0.02023450848506253 -0.46508789040403598 0.019913795182259279
944 4 0.40999999999999998 -0.33912024716476902 -0.55923935336504993 0.060879585940732714
945 3 -0.81999999999999995 -1.9778874269605442 0.77793106582723959 0.84813105913019671
946 4 0.40999999999999998 0.71167103474972926 0.50396546228481631 -0.57498093629787117
947 4 0.40999999999999998 1.1964520038545552 -1.2308073150334153 -0.3860774782409952
948 3 -0.81999999999999995 0.14076483101637111 1.2160402354719833 -0.45111484737720503
949 4 0.40999999999999998 -0.10940276738385585 -0.34333092530584913 0.9404124527018628
950 4 0.40999999999999998 -0.37389065357452717 -0.94545798707843187 -0.25274906355941579
951 3 -0.81999999999999995 -0.02220026129976806 0.1406610770168347 0.20876587471343067
952 4 0.40999999999999998 0.044177985757459147 -0.013326703575866544 0.53440781304514395
953 4 0.40999999999999998 -0.019462561777879726 0.065708106538231489 -0.71636187221742176
954 3 -0.81999999999999995 -0.15836913427776522 0.40866990786899782 0.07821697859323222
955 4 0.40999999999999998 0.14905796245165823 0.43922572987724812 -0.13897101354836486
956 4 0.40999999999999998 -0.037952285888495779 -0.686361055745356 0.023608710612263283
957 3 -0.81999999999999995 0.0082257568958673099 0.57187181470268944 0.14530876754937044
958 4 0.40999999999999998 0.13875334282274188 -0.079216840531127208 -0.26159892969663412
959 4 0.40999999999999998 -0.065934686023852801 -0.070068568647075391 0.18777566958085126
960 3 -0.81999999999999995 -0.53710456164833942 0.60573188125395572 0.7368405419072368
961 4 0.40999999999999998 0.26058628932304134 -0.063870497754271449 0.0090446991022156489
962 4 0.40999999999999998 0.60734991998882848 -0.26341814548830511 -0.50577656753559808
963 3 -0.81999999999999995 -0.42118741337503079 -1.1227334906523967 -0.035155488411425351
964 4 0.40999999999999998 -0.39502526413163802 0.7535862815500064 0.1600397567358075
965 4 0.40999999999999998 0.96117915525661046 0.26654008671686286 -0.45356045173346438
966 3 -0.81999999999999995 -0.28670200360953951 1.2340127228959237 -0.61515719295001381
967 4 0.40999999999999998 0.64865178864017736 -0.4752346197149066 -0.44571862903610143
968 4 0.40999999999999998 -0.36578568284535468 -0.70335130669911405 0.83432375382583612
969 3 -0.81999999999999995 1.5338375271599904 -0.93185228280619403 0.5527886363819986
970 4 0.40999999999999998 -1.1846368848795368 0.7074018567588366 -0.30709904209029915
971 4 0.40999999999999998 -0.40284014017267922 -0.010351680849387928 -0.19890591944631408
972 3 -0.81999999999999995 -0.50153841432711599 0.65537905777699701 0.89555746640556488
973 4 0.40999999999999998 0.3240533475898672 -0.13825907263787848 -0.40404417978575463
974 4 0.40999999999999998 0.06256305898065706 -0.30845853788580418 0.029518048187047282
975 3 -0.81999999999999995 0.39853200585006998 -1.1210890349356939 0.12728917599362582
976 4 0.40999999999999998 -0.65308465964400486 0.75509013067176256 -0.47086418551690673
977 4 0.40999999999999998 0.095065073250158422 0.39575460673729834 0.0019432595259585412
978 3 -0.81999999999999995 0.091220885440787061 1.0411173137452139 3.2448308832335542
979 4 0.40999999999999998 -1.1018155161175343 -1.8383143624709588 -0.72440289028550109
980 4 0.40999999999999998 1.1418690667020384 0.9423119994381054 -2.3332074310891704
981 3 -0.81999999999999995 -0.08038315113421754 -0.10612330745396979 0.21054208796075385
982 4 0.40999999999999998 -0.4194068180537161 -0.05761742604378136 -0.034434603105665075
983 4 0.40999999999999998 0.61437657202013629 0.047219505785727582 -0.18495610927952549
984 3 -0.81999999999999995 -0.28365152453254894 1.8897085307865353 -0.079012580780934663
985 4 0.40999999999999998 -0.50833218761322163 -1.2385816847709092 0.31871697232290097
986 4 0.40999999999999998 0.94153504956744494 -0.92859687675562019 -0.3347372938167571
987 3 -0.81999999999999995 -1.1656835051369514 0.33913405252254653 2.004162624713326
988 4 0.40999999999999998 1.1409189349491509 -0.23812804315007352 -1.6303347947782099
989 4 0.40999999999999998 -0.045723281584278304 -0.14586666027778192 -0.065885116754156439
990 3 -0.81999999999999995 0.068987074368224585 -0.73313919274646877 -0.22008112249546477
991 4 0.40999999999999998 0.10792346880070525 0.13854239824135114 0.26059763409984482
992 4 0.40999999999999998 -0.30878735864213941 0.63792356750570745 -0.07511262713972558
993 3 -0.81999999999999995 0.56754667259929059 0.80310744793836175 1.0857338719902494
994 4 0.40999999999999998 -0.32423066759007146 -0.2174172970125417 -0.40380006390298029
995 4 0.40999999999999998 -0.13479763201101116 -0.047907515367743805 -0.44951140035871406
996 3 -0.81999999999999995 -0.25915174380844336 1.7396582617511547 1.3873503947526045
997 4 0.40999999999999998 0.48637324862913345 -0.27776693651213041 0.017362942285917473
998 4 0.40999999999999998 -0.43581876502584804 -1.3638494974641737 -1.0167773481679903
999 3 -0.81999999999999995 -2.380116648800465 -0.46767188503497131 -0.57602470558769403
1000 4 0.40999999999999998 1.0077806349705334 -0.056206003358851016 0.13215480433861182
1001 4 0.40999999999999998 0.73937933758299601 0.24612118217397891 0.93097903332531073
1002 3 -0.81999999999999995 -2.4998220583450124 0.17105182863729884 -1.3610702602776676
1003 4 0.40999999999999998 1.2464825471746359 0.72553681902208 0.48465354038695319
1004 4 0.40999999999999998 1.1601871945404021 -0.53588386250528286 0.74920009187777048
1005 3 -0.81999999999999995 0.87308584849339288 2.6747175385416324 0.69550183105839036
1006 4 0.40999999999999998 -0.95388796716563318 -1.1023496045972971 0.20596228447039341
1007 4 0.40999999999999998 -0.051310887957197994 -1.4819108172103601 -1.0507090794657359
1008 3 -0.81999999999999995 -0.21281085165683009 -0.64326905047412564 -0.031684544770231984
1009 4 0.40999999999999998 -0.036669366937237817 0.23014302724518121 -0.058709789486434232
1010 4 0.40999999999999998 0.030586093491795471 0.22184865466243084 -0.046064430265630243
1011 3 -0.81999999999999995 -1.1296263289344757 0.23044750617133652 0.12327703081939147
1012 4 0.40999999999999998 0.68351559839015896 -0.034411792197639519 -0.17430682037375478
1013 4 0.40999999999999998 0.411682017665433 0.010142552019744953 0.0074691706798128222
1014 3 -0.81999999999999995 0.021774777482914141 -0.12212124982491544 1.2264522528756507
1015 4 0.40999999999999998 -0.028569274528787394 0.34330608461729373 -0.79842227504234209
1016 4 0.40999999999999998 0.095470983515493879 -0.10035749267793093 -0.39426605445527863
1017 3 -0.81999999999999995 0.27295725024279471 0.58154722876878839 -0.062646084216635312
1018 4 0.40999999999999998 0.61438097699810856 -0.45366817172121127 0.16244070263616864
1019 4 0.40999999999999998 -0.29561003424586002 -0.15819315645567814 0.076824762932244717
1020 3 -0.81999999999999995 -0.1209289021742728 0.19025477838866423 0.71829484974826674
1021 4 0.40999999999999998 0.15205262951983317 0.079277539963645838 0.56494055460806136
1022 4 0.40999999999999998 -0.02844354777549862 -0.16310700568126821 -1.0880262495688042
1023 3 -0.81999999999999995 -0.70423221954012871 0.58684835649124389 0.23108007615448012
1024 4 0.40999999999999998 0.063415597714932007 -0.37093364254210948 -0.12450363863858074
1025 4 0.40999999999999998 0.18043680402490944 -0.19604409165621042 0.19191203433055593
1026 3 -0.81999999999999995 0.078023805305966837 -0.86996444215628077 -0.37937117604618281
1027 4 0.40999999999999998 -0.15782443970370716 -0.031541641111118693 0.53211167978394869
1028 4 0.40999999999999998 0.11512440769498677 0.64100826233775043 -0.18930200305476694
1029 3 -0.81999999999999995 1.7165041680420867 -0.16896406756360391 -0.57753111582323258
1030 4 0.40999999999999998 -1.8852684007391141 0.78110291858163305 -0.083004895759406366
1031 4 0.40999999999999998 0.079909398056819778 -0.43433618927953216 0.55005339930859765
1032 3 -0.81999999999999995 0.62840097366256997 -0.056091537379804164 0.29371244192080515
1033 4 0.40999999999999998 -1.0250027057334448 0.16273262994512383 -0.64624239059046962
1034 4 0.40999999999999998 -0.14011739646597796 -0.18320225188034286 -0.24804200152073649
1035 3 -0.81999999999999995 -1.0651021210317806 -1.6159406359741528 -0.11111622085788046
1036 4 0.40999999999999998 -0.15986165937676702 -0.17942987938095636 0.029676584140607139
1037 4 0.40999999999999998 1.0571368534297481 1.5262375047062076 0.27792958101628701
1038 3 -0.81999999999999995 -0.84831207092537475 -0.55499812664291637 0.5464566646306851
1039 4 0.40999999999999998 -0.32818538504550754 0.079374243530775254 0.14581357016745289
1040 4 0.40999999999999998 1.1584014532684446 0.61729999461452079 -0.69841887935136748
1041 3 -0.81999999999999995 -1.4470276780678033 -1.739930852714441 -1.1258138244472562
1042 4 0.40999999999999998 0.35690168623178958 0.78238703249929675 0.99584853112461025
1043 4 0.40999999999999998 0.46390500420712111 0.75160307212557054 -0.15139848449014914
1044 3 -0.81999999999999995 1.5974583843404455 0.78246529308745572 -0.9446460961720432
1045 4 0.40999999999999998 -0.56630236905867304 -0.20858821052987933 1.0073037281316948
1046 4 0.40999999999999998 -0.16540288474130194 -0.30610682494405927 -0.52248865816420265
1047 3 -0.81999999999999995 1.1648486659268322 0.63924601426275929 0.71485533899219333
1048 4 0.40999999999999998 -0.70368939071005288 -0.53557494260181737 -0.24738787140597504
1049 4 0.40999999999999998 -0.13963702012422841 0.5197969125616243 -0.50890898606315038
1050 3 -0.81999999999999995 -0.24481695327076897 0.76433917830148224 -0.88725169989883346
1051 4 0.40999999999999998 0.14241262056439566 0.17055142362932416 0.1852171918381583
1052 4 0.40999999999999998 0.26850457684511558 -0.83222577899376371 0.63952996270474816
1053 3 -0.81999999999999995 1.621902191689909 -0.78807513586085542 0.46285986779715393
1054 4 0.40999999999999998 -0.20487598060849721 -0.68853925775153058 -0.21727018746434018
1055 4 0.40999999999999998 -1.660400876073707 1.4161670435183318 -0.43499454750967964
1056 3 -0.81999999999999995 0.21322492769462933 -1.0864781735014952 0.5972217551980088
1057 4 0.40999999999999998 -0.10362604698467751 0.33084446576149745 -0.5343021677827916
1058 4 0.40999999999999998 -0.1277966861148786 0.79322182666151964 0.23735275564923716
1059 3 -0.81999999999999995 -1.3854639097757615 -0.15559153531892961 -0.64481816479877274
1060 4 0.40999999999999998 1.2413671063702933 0.11048295500089113 -0.42532406186117511
1061 4 0.40999999999999998 0.67844100819838848 -0.0024910874941004571 0.78714828792377112
1062 3 -0.81999999999999995 -0.64653543529272239 -1.2897291301302292 -0.63438664132818456
1063 4 0.40999999999999998 0.80342192238445098 1.5634806390801144 0.37574992543410252
1064 4 0.40999999999999998 -0.021616822809893133 -0.36200069927744838 -0.17302554835889822
1065 3 -0.81999999999999995 -0.97717019059724508 0.0078580854035482026 0.14696390878024332
1066 4 0.40999999999999998 0.61027742552319808 0.38797249815689611 0.28504824708540688
1067 4 0.40999999999999998 0.1365903909190144 -0.068132965152682134 0.035432642247186674
1068 3 -0.81999999999999995 0.70574463421156319 -0.43177902241574839 0.35126174420913586
1069 4 0.40999999999999998 -0.73475462412700931 0.48833685716219499 -0.021696960549981627
1070 4 0.40999999999999998 -0.19160038969309226 0.074886223999569651 -0.29743375207670303
1071 3 -0.81999999999999995 1.1587131337822165 -0.89956919791788126 0.6609182853764044
1072 4 0.40999999999999998 -0.077837600362546749 -0.058137229278219307 0.20320048606575006
1073 4 0.40999999999999998 -1.0752904222994273 0.75168682620369032 -0.64361455889283126
1074 3 -0.81999999999999995 0.67857689531069298 -1.0043904016493554 -1.5270270504968324
1075 4 0.40999999999999998 0.57221798520116773 0.41916146245350661 0.55442917619326737
1076 4 0.40999999999999998 -1.2267620037088913 0.59936251371670024 0.95039041223458909
1077 3 -0.81999999999999995 -1.5479674652727229 -2.1100016813167644 -0.94263015324434185
1078 4 0.40999999999999998 1.459978303703189 -0.71344596564981477 1.2019633517820112
1079 4 0.40999999999999998 0.25904000215968875 2.5811817217584192 -0.36805387132168549
1080 3 -0.81999999999999995 0.046271993900734248 0.969866689170232 1.6252084585089004
1081 4 0.40999999999999998 -0.43368653906664267 -0.13575738187935385 -0.19725020334185608
1082 4 0.40999999999999998 0.1648771755314834 -1.061575686801516 -1.5361928148081943
1083 3 -0.81999999999999995 -0.86772539904375257 -0.049853172317183163 -0.75776565258706829
1084 4 0.40999999999999998 -0.41080548071287648 -0.13377162554832234 -0.44768389083786991
1085 4 0.40999999999999998 0.506386679632161 0.75726509018343269 1.1426258403609482
1086 3 -0.81999999999999995 2.2288146657054484 -1.4699831146075832 -1.1904037602006281
1087 4 0.40999999999999998 -0.28780582008351679 0.7847584772743802 0.25772722533206155
1088 4 0.40999999999999998 -1.4105046309706475 0.38622149196365907 0.56786587060634652
1089 3 -0.81999999999999995 1.4262253543592747 -0.033424333996534848 0.016202061256600502
1090 4 0.40999999999999998 -0.67858267332824618 0.18349603728997965 -0.33146891221087638
1091 4 0.40999999999999998 -0.44022246476457028 0.017433882506990569 0.22260614603148748
1092 3 -0.81999999999999995 0.31758771102614275 -0.055700430082074613 -0.65469691745912884
1093 4 0.40999999999999998 -0.61983018293230985 -0.46400153464328919 0.66798483734842573
1094 4 0.40999999999999998 0.40655534438113389 0.49785572560905406 0.095170805800537189
1095 3 -0.81999999999999995 1.9116063708654085 -0.91391789221894082 1.0584792048029348
1096 4 0.40999999999999998 -1.0082099556057786 -0.097767936695727573 0.04352283169205827
1097 4 0.40999999999999998 -0.46112002831420362 0.57379597232887558 -0.92839056339568304
1098 3 -0.81999999999999995 0.17101863838861417 -0.3066687375573745 0.87314526533125725
1099 4 0.40999999999999998 -0.053209515571767015 0.27249090573063917 -0.48845950088396956
1100 4 0.40999999999999998 0.15966777392273648 0.12235569197592427 -0.62752304739957676
1101 3 -0.81999999999999995 1.0812790916081385 1.0896017392553843 -1.0395385698625776
1102 4 0.40999999999999998 -0.63619563772117338 -0.86320297318827155 0.25577453219869561
1103 4 0.40999999999999998 -0.33941260665322825 0.15841627522518886 0.68446281431383305
1104 3 -0.81999999999999995 -0.31848140320577484 -0.75430501180643883 0.55983083700322933
1105 4 0.40999999999999998 0.13059461084608234 0.76901866493612825 -0.41047264729659649
1106 4 0.40999999999999998 0.16580416089527797 0.23129317673125677 -0.18540957038015779
1107 3 -0.81999999999999995 -0.77457152337706259 -0.14863484174673952 -0.58820929635590835
1108 4 0.40999999999999998 -0.043678545446951954 -0.19966498740418373 0.098743583458234432
1109 4 0.40999999999999998 0.72948908826586534 0.080364116782136827 0.32166140235416796
1110 3 -0.81999999999999995 0.55061559476851596 -0.91519707576297038 -0.043956692645474686
1111 4 0.40999999999999998 -0.052338557204732662 0.47564304247083744 0.080950281746818939
1112 4 0.40999999999999998 -0.11084793407620307 0.30974146247958845 0.059100373765908425
1113 3 -0.81999999999999995 -2.3179409493978569 0.50851915533669811 0.09410005812727798
1114 4 0.40999999999999998 1.2559544936202498 -0.80244230877684464 0.26217121218236972
1115 4 0.40999999999999998 0.35441188344613805 0.22199383631509476 -0.54476690660804539
1116 3 -0.81999999999999995 2.9972097741746642 1.2628327728561848 -0.66706594126072061
1117 4 0.40999999999999998 -0.24600789173571436 0.057581080075722234 -0.11351211653056764
1118 4 0.40999999999999998 -1.8587189755171993 -0.96884552880160446 0.42688434438330486
1119 3 -0.81999999999999995 0.42348140744028451 0.069508076895827553 -0.76481241837432978
1120 4 0.40999999999999998 -0.21852470509688027 -0.093433820447821711 0.77546518346115412
1121 4 0.40999999999999998 -0.029834627991979674 -0.04341607519440966 -0.74039139334259929
1122 3 -0.81999999999999995 0.090567179875217049 -0.21768631260345928 0.076703472364566677
1123 4 0.40999999999999998 -0.10272325348781974 0.35366259748970513 0.028694456061500995
1124 4 0.40999999999999998 -0.30668388631222954 -0.084671344071829038 -0.47572499917117256
1125 3 -0.81999999999999995 2.2826300901398899 -2.250493970396064 1.9749037710840918
1126 4 0.40999999999999998 -2.6646900886590235 1.4254792503085199 -1.6107665201402321
1127 4 0.40999999999999998 0.52207647841460414 0.83895770153148874 -0.36424898333164779
1128 3 -0.81999999999999995 0.23486687395790387 -0.025891004051522063 0.04201236216876969
1129 4 0.40999999999999998 -0.47609086867002071 0.30869227502840346 0.47878417337323848
1130 4 0.40999999999999998 0.091063476111434755 -0.20355302088281732 -0.28255671567713658
1131 3 -0.81999999999999995 -2.3090178448750756 0.90935473167142522 0.2854703587782666
1132 4 0.40999999999999998 1.9301236793005807 0.13611056095937599 -0.68214800623158955
1133 4 0.40999999999999998 0.33492123120693928 -1.0184648988350102 0.18040622232909995
1134 3 -0.81999999999999995 0.97105349408673491 -0.57598779495659391 -0.21100969001720699
1135 4 0.40999999999999998 -0.33116423304907877 -0.046187009495390841 -1.1489794431101903
1136 4 0.40999999999999998 -0.70832157505604953 0.56273969768829224 1.3796751667616074
1137 3 -0.81999999999999995 -0.67110345999801158 0.91356333628833852 -0.76172220090121512
1138 4 0.40999999999999998 0.92457969863830547 -0.39256343880566741 0.74075995059378918
1139 4 0.40999999999999998 -0.30001767911528288 -0.44422310511866153 -0.18898266910022732
1140 3 -0.81999999999999995 -1.7529342896308706 0.34349557764235522 -1.3953626056694675
1141 4 0.40999999999999998 0.88842590843395175 -0.094462979430062433 0.80682894589773535
1142 4 0.40999999999999998 0.34413637171096723 -0.61451851121698242 0.28066927432668604
1143 3 -0.81999999999999995 -0.14999385151114791 -0.41471969814592968 -0.58675778996222216
1144 4 0.40999999999999998 -0.24064094332380953 0.42667522709522676 0.42971398363703889
1145 4 0.40999999999999998 0.38242802416172239 0.17747092517439564 0.1399448151848792
1146 3 -0.81999999999999995 -1.6510045290009374 0.48052912414863591 1.0679743405072917
1147 4 0.40999999999999998 1.2706958211887096 -0.046316848863988111 -1.1433495631070048
1148 4 0.40999999999999998 0.61342878847316651 -0.75851349392286982 0.65295558733055548
1149 3 -0.81999999999999995 0.3120285919090523 0.45852987337604978 1.0022762120539548
1150 4 0.40999999999999998 -0.78038828455575926 -0.51838565349817312 0.47079269711879213
1151 4 0.40999999999999998 0.13234222176589674 0.0033414173172283497 -1.6425962144245716
1152 3 -0.81999999999999995 1.6174769404893987 -0.23239206543798194 -0.3818506485102246
1153 4 0.40999999999999998 -0.36517828503773847 -0.041143325769736658 0.42252941478299055
1154 4 0.40999999999999998 -0.74568833343195273 -0.14174401276371254 -0.10444204280735346
1155 3 -0.81999999999999995 -0.044125774275804788 -1.3167923129619883 0.28650180143943738
1156 4 0.40999999999999998 0.15220307893129428 0.18163450100325018 0.14269244870578557
1157 4 0.40999999999999998 -0.010055836614291594 1.0904309137953754 -0.42442585135310884
1158 3 -0.81999999999999995 -0.48888959042824787 -0.090601825464248803 -0.70554857204814858
1159 4 0.40999999999999998 0.16650842960654486 0.025532655369928488 0.58627550521663685
1160 4 0.40999999999999998 0.2442213161015252 0.097132258178337108 -0.076019309199683444
1161 3 -0.81999999999999995 0.72411979199038756 -0.44069677809842212 0.21948569469209317
1162 4 0.40999999999999998 -0.2052722039445618 0.047944679723962463 0.22414497493221008
1163 4 0.40999999999999998 0.072582142987946033 0.20351299193765601 -0.20064637418575432
1164 3 -0.81999999999999995 0.58743460760316102 -0.45802176280168755 0.75634474887813363
1165 4 0.40999999999999998 -0.20920145376104152 0.089886129606105883 -0.27394776261529263
1166 4 0.40999999999999998 -0.15745928042853477 0.04818254406907712 -0.44490805367199915
1167 3 -0.81999999999999995 -0.4564612477219821 -1.3862347836214288 -3.3352875771655217
1168 4 0.40999999999999998 1.6252425794648484 0.94236783495767651 1.3262828093282419
1169 4 0.40999999999999998 -0.97241730217300981 0.40151358818081145 1.726304454240972
1170 3 -0.81999999999999995 0.32869871499727765 -0.99961034328893339 -0.24911054329507679
1171 4 0.40999999999999998 0.57774977808980776 0.11217155089257778 -0.19364357066333795
1172 4 0.40999999999999998 -0.81633484650336507 0.94535775163640279 0.46325297092934392
1173 3 -0.81999999999999995 -1.2848062503375162 0.39032797644640188 0.64199533857596047
1174 4 0.40999999999999998 1.2147263606777532 -0.23359982998611889 -0.7935543034555167
1175 4 0.40999999999999998 -0.30717709423184675 -0.042199971046159655 0.16721030711636123
1176 3 -0.81999999999999995 -0.94854439476521502 1.6381581174371516 1.5893822053669371
1177 4 0.40999999999999998 0.29478260191518746 -1.2511394215774003 -0.3701479562271649
1178 4 0.40999999999999998 0.5056601165410689 -0.25315390331113635 -1.4502415894755214
1179 3 -0.81999999999999995 0.6100979378422825 -1.1931977396686575 1.687806812980112
1180 4 0.40999999999999998 -0.89373999129568682 0.69557601543652836 0.22168053435735574
1181 4 0.40999999999999998 0.3506821158559375 0.22320870353957717 -1.9957377664531493
1182 3 -0.81999999999999995 -0.57973045319412242 -0.16443489215034077 -0.1547454095500751
1183 4 0.40999999999999998 0.24154484782716162 0.082948612617842241 -0.089040635546912883
1184 4 0.40999999999999998 0.48217232606534705 0.31837382094128014 0.28744769541488263
1185 3 -0.81999999999999995 0.20674127476454368 -2.4623561165642283 0.48177207075273665
1186 4 0.40999999999999998 -0.30061016485853415 0.57658864364578044 -1.0192998558023447
1187 4 0.40999999999999998 0.061595092208383578 1.6416815309035562 0.18863561122865027
1188 3 -0.81999999999999995 -0.6214105093402007 -0.88772085647514676 0.51251575896003343
1189 4 0.40999999999999998 0.1909595849619998 0.51399866669627603 -0.21877036749516385
1190 4 0.40999999999999998 0.58539062128051456 0.33172000883230923 -0.22181303387645585
1191 3 -0.81999999999999995 -1.1709927724265825 -1.8350068586796171 1.3676368706557231
1192 4 0.40999999999999998 0.72957821613395379 1.217366695073093 -1.0779573562687368
1193 4 0.40999999999999998 -0.058282649818414002 0.052424666308666212 -0.08877033369354205
1194 3 -0.81999999999999995 0.28954967512632862 1.3145153106520042 1.2867899723763587
1195 4 0.40999999999999998 -0.73337081390818804 0.028006944672909817 0.30580732959789692
1196 4 0.40999999999999998 0.16129796441096794 -1.4450288371389113 -1.4646163719522074
1197 3 -0.81999999999999995 -0.66921935756220274 -0.47215499586825099 0.76743359565341795
1198 4 0.40999999999999998 0.36326812696454269 0.28693289141903822 -0.41191648003065223
1199 4 0.40999999999999998 0.22645026311377797 0.24403213837185089 -0.45302966745545253
1200 3 -0.81999999999999995 -1.6108316379768377 -0.42294809310629278 -0.45794664155150439
1201 4 0.40999999999999998 0.067413930553578805 0.008806359734255139 0.43226933140709628
1202 4 0.40999999999999998 1.0706236427094504 0.38934571421814934 0.10457062948973218
1203 3 -0.81999999999999995 1.0353098258630429 -0.95710983118519877 -0.031976674223253232
1204 4 0.40999999999999998 -0.91256339468625713 0.43096586218322069 -0.29610950440476069
1205 4 0.40999999999999998 -0.2101027268795255 0.48141676577633369 0.42445671891793652
1206 3 -0.81999999999999995 0.38415394211151954 -0.89015331792186014 0.16242088997678311
1207 4 0.40999999999999998 -0.18255732083211376 0.26407120198447981 -0.16279656560565986
1208 4 0.40999999999999998 -0.13315278559472318 0.53188666852162403 0.49422650239988197
1209 3 -0.81999999999999995 -0.78913967821957032 0.11444992035837825 -0.51540628108734088
1210 4 0.40999999999999998 0.63722827083958167 0.0038513625303855875 0.18473050670077704
1211 4 0.40999999999999998 -0.26765746253970291 -0.10233756258114556 0.26948240481203489
1212 3 -0.81999999999999995 0.59339307544536279 -0.29499318266983426 -0.65376021392202699
1213 4 0.40999999999999998 0.019584032178401944 0.053845618521129131 0.21441480939949956
1214 4 0.40999999999999998 -0.50493048581197431 0.24278908250045469 0.28299548416335757
1215 3 -0.81999999999999995 -0.28551793029063727 0.68925956752754447 0.59381896825646141
1216 4 0.40999999999999998 0.29570371736620571 -0.56914613216160748 -0.17221977068096217
1217 4 0.40999999999999998 0.44585261838738183 -0.15587991085401359 -0.38641229039999964
1218 3 -0.81999999999999995 -1.5113071928934678 0.77714946603666479 -0.97975943197408621
1219 4 0.40999999999999998 -0.14068231030095885 0.46975478760739514 0.74478535624640607
1220 4 0.40999999999999998 1.8247458024164505 -1.4255734147318972 0.095459633346876155
1221 3 -0.81999999999999995 -0.76180984782757966 0.58670434968633345 -1.5844189148074288
1222 4 0.40999999999999998 -0.28840384964952392 0.11790844202939861 0.334397432174315
1223 4 0.40999999999999998 0.82766856097751318 -0.59365437401310639 1.0259607912866731
1224 3 -0.81999999999999995 0.54094527722066044 -0.5593451131590762 0.55604301035379489
1225 4 0.40999999999999998 0.094416428925118423 0.11995851691918577 -0.22238372322346803
1226 4 0.40999999999999998 -0.24782734042080534 -0.3533764380410469 -0.1234802430734455
1227 3 -0.81999999999999995 -0.24682736473975403 0.22614905894423068 0.97456448119675865
1228 4 0.40999999999999998 0.16490254891744927 -0.1417417059378793 -1.0116137916612076
1229 4 0.40999999999999998 0.36635310064034754 -0.16662444427671305 0.18666938987324763
1230 3 -0.81999999999999995 -1.1753211743471617 0.31605119261541559 1.0377010240807281
1231 4 0.40999999999999998 0.94938491466632946 -0.96439908520184425 -0.033362382200079657
1232 4 0.40999999999999998 0.51628140865905436 0.40642711092564177 -0.59180771092704632
1233 3 -0.81999999999999995 2.0411728430400538 0.9333591431152588 0.24390958860090237
1234 4 0.40999999999999998 -1.035322052757258 -0.075334554582268842 -1.2544371779662695
1235 4 0.40999999999999998 -0.98740463730470895 -0.97090756698123448 0.92580857622250767
1236 3 -0.81999999999999995 1.4167469947937614 0.25352642426513949 -0.5019317361677591
1237 4 0.40999999999999998 0.068196989089785276 -0.31206388774649468 0.30471205035266513
1238 4 0.40999999999999998 -1.140393498565101 0.14448910080327157 0.73286603263463623
1239 3 -0.81999999999999995 -0.17011839828798714 0.040947718565912269 -0.80737591883775439
1240 4 0.40999999999999998 0.12606765702181574 0.10884388554357928 0.44179049668223302
1241 4 0.40999999999999998 0.26252176159564317 -0.16518950709157856 0.15119380628494217
1242 3 -0.81999999999999995 -0.60880495312960325 0.98344684753019462 -0.40478703569036018
1243 4 0.40999999999999998 0.70869770475499827 -0.68734859369373669 0.81871324341411578
1244 4 0.40999999999999998 0.084268676989409999 -0.36281854890666193 0.086212503301306448
1245 3 -0.81999999999999995 -0.24373638947288304 -0.26468519832447512 0.015672155442063969
1246 4 0.40999999999999998 0.20087566494811945 -0.37547689965906667 -0.25100958887567171
1247 4 0.40999999999999998 -0.24028980803823477 0.12507684940057226 0.26052834232263561
1248 3 -0.81999999999999995 2.4538881004721902 0.7673683754279681 0.73514013769736286
1249 4 0.40999999999999998 -0.78781650277558368 -0.36677793152141813 -0.37314421468014725
1250 4 0.40999999999999998 -1.9428131006487497 -0.11522096405019099 -0.10854084382306482
1251 3 -0.81999999999999995 -0.017613159349140005 -1.5241245291559564 -2.3226361530101265
1252 4 0.40999999999999998 -0.22618983071071957 -0.28596511380357764 -0.11493650923755459
1253 4 0.40999999999999998 0.21103466353132713 1.5719078640507027 2.0801428278798211
1254 3 -0.81999999999999995 -0.38946690806886575 -2.1694474847972436 0.47109822361837139
1255 4 0.40999999999999998 0.74396907920030586 2.2854632194667217 -0.7481594140538067
1256 4 0.40999999999999998 -0.60964565593012054 -0.019130860960382631 0.56259638834525938
1257 3 -0.81999999999999995 -0.35991715719025785 0.34908414334917837 -0.85994450572539405
1258 4 0.40999999999999998 -0.068593634259211736 0.20441796306666232 0.16479554876267113
1259 4 0.40999999999999998 0.27043271676746938 -0.42758649376855895 0.29800195215025577
1260 3 -0.81999999999999995 0.10517371204617737 0.83589973995568856 -1.0914423348982742
1261 4 0.40999999999999998 0.078576327984333769 -0.21825105967156175 0.92967620248890737
1262 4 0.40999999999999998 0.12228775022298348 -0.40830277673658461 0.1235753809632794
1263 3 -0.81999999999999995 1.4343797959028373 -0.52423279712511128 -2.1874107180297013
1264 4 0.40999999999999998 -1.4392633364071774 0.51191499059743428 1.9843755638731528
1265 4 0.40999999999999998 0.039266846523738533 0.023418757431671874 0.035692936871023331
1266 3 -0.81999999999999995 -0.60708162789847064 0.50270949749776894 0.721398976161575
1267 4 0.40999999999999998 1.8668925197597179 -0.49740954359898049 -0.89278670540707705
1268 4 0.40999999999999998 -0.83496118566062427 -0.16109385703509924 -0.34287498760696355
1269 3 -0.81999999999999995 -0.35662190823394879 1.8544210792655351 -0.25540283219592574
1270 4 0.40999999999999998 -0.11529313364645266 -0.74491896049108319 1.2531751932053947
1271 4 0.40999999999999998 0.28370351358905099 -0.73538203818630832 -0.72801209741906958
1272 3 -0.81999999999999995 -0.64878381220596915 -1.1796581721892092 -0.81396234304923376
1273 4 0.40999999999999998 -0.83976971460461725 -0.25482330388044516 0.0020669867676383303
1274 4 0.40999999999999998 1.0920803334985596 0.86175354025189088 0.64981453885048224
1275 3 -0.81999999999999995 0.3841125648051904 0.68900040417223496 0.84600344150857787
1276 4 0.40999999999999998 -0.497156935077257 0.024835913531039477 -0.44746138612132247
1277 4 0.40999999999999998 -0.064838517945150373 -0.93903352715810029 -0.32972810226609589
1278 3 -0.81999999999999995 -0.25940672020913041 0.0047431910740751834 -0.90661340564064097
1279 4 0.40999999999999998 0.10815360506175846 -0.61786469003199551 -0.1438797447113333
1280 4 0.40999999999999998 0.4946887335851336 0.77386954005858277 0.99529773349678141
1281 3 -0.81999999999999995 -1.1137045459691666 -1.3173328771643651 0.77643686360048947
1282 4 0.40999999999999998 0.32432349048770953 0.64753353906007105 -0.49858767155295153
1283 4 0.40999999999999998 0.34918071046452492 -0.11742354236268991 0.20946948237962323
1284 3 -0.81999999999999995 -1.261847675886838 0.19736429005133482 0.37781077639345956
1285 4 0.40999999999999998 0.82158320058226031 -0.6886305543121799 -0.6007701535872586
1286 4 0.40999999999999998 0.54613406597292546 0.702913376936807 0.14558571368282355
1287 3 -0.81999999999999995 1.1331070226445528 0.83215034614289918 2.4814485986318222
1288 4 0.40999999999999998 0.67461876745598237 0.25974851589485509 -0.83484057317320959
1289 4 0.40999999999999998 -1.9193716735693669 -1.1200669850716327 -1.3538830419607162
1290 3 -0.81999999999999995 0.15787767770255268 0.32965931280203065 0.066306432307170121
1291 4 0.40999999999999998 0.29333507718511181 -0.081427282557003322 -0.2110934554916456
1292 4 0.40999999999999998 -0.53318748200014121 0.52364579955574153 -0.066687134130784378
1293 3 -0.81999999999999995 0.29479475830477664 1.0398912093800177 0.46242132830316773
1294 4 0.40999999999999998 0.18871260692291064 0.28249660954441197 -1.0312935932974707
1295 4 0.40999999999999998 -0.42669963163784469 -0.9660589870318409 0.7519392310535028
1296 3 -0.81999999999999995 -0.98916309648556544 0.14405119634501171 -0.50262651782912171
1297 4 0.40999999999999998 -0.60039843795392744 -0.49289035793816993 0.88103563505313887
1298 4 0.40999999999999998 1.9713240432908741 0.30396434703274794 0.035341213432717407
1299 3 -0.81999999999999995 0.078582907445834058 1.1193251702199818 -1.1215963653593104
1300 4 0.40999999999999998 -0.56854833456271292 0.056606353374683435 0.44010585411872738
1301 4 0.40999999999999998 0.17739331586790535 -0.96127271531945979 0.57313665406638914
1302 3 -0.81999999999999995 2.1233625050381075 -0.98958818858643116 0.43557486885545871
1303 4 0.40999999999999998 -1.5382573677555447 1.2338593555563921 -0.38282429197654694
1304 4 0.40999999999999998 -0.65946611623291607 0.12818696461045628 -0.13442450090674218
1305 3 -0.81999999999999995 -0.8250468644398532 -1.2919238584379724 0.56239602626416108
1306 4 0.40999999999999998 0.04669111477903088 0.081700459510463702 -0.38616191923769572
1307 4 0.40999999999999998 0.80925712689660445 0.85716814245575579 -0.43918963873562844
1308 3 -0.81999999999999995 -3.0610903833882537 -0.33146033388331841 -1.3991102573516174
1309 4 0.40999999999999998 2.5147810158944139 -0.47900910382660566 0.015534323334483111
1310 4 0.40999999999999998 0.28352812213506756 0.7071675916872181 0.70599735417416654
1311 3 -0.81999999999999995 0.78853366461812213 -0.81644391247179315 0.13441276638840446
1312 4 0.40999999999999998 -0.95822677929845057 0.52489730257364919 0.031722039528772179
1313 4 0.40999999999999998 -0.61041549374052473 0.40182023417786061 -0.02853037034479676
1314 3 -0.81999999999999995 -0.35057108248961971 0.0099322596777915145 -0.93609762254354589
1315 4 0.40999999999999998 0.42305281225267011 -0.10200010806832514 -0.17939947440251888
1316 4 0.40999999999999998 0.085239922133356238 0.033998809962648521 1.3472781784507326
1317 3 -0.81999999999999995 -0.86163524740988195 1.2413382879899371 2.294520766267067
1318 4 0.40999999999999998 0.62244142807287883 0.035688412108125921 -1.1650672685310848
1319 4 0.40999999999999998 0.046549039742133168 -1.1422990007236624 -1.1482415419941685
1320 3 -0.81999999999999995 0.48324569079913982 1.4695725680050966 -0.21460685262685633
1321 4 0.40999999999999998 0.34428867328697332 0.46983931855890515 -0.15331199730297768
1322 4 0.40999999999999998 -0.82348052558063412 -1.9904339397056752 0.17230568432894292
1323 3 -0.81999999999999995 0.77674347726524451 0.14938594216536205 0.82454413139524274
1324 4 0.40999999999999998 0.066092680393822406 0.46247192049721952 0.59645220598090709
1325 4 0.40999999999999998 -0.65903758216962249 -0.22760763742062512 -1.2936644696821633
1326 3 -0.81999999999999995 -2.5726922861689028 1.0419779552020927 3.0903379335543617
1327 4 0.40999999999999998 2.7381230083982091 -0.93488265002133142 -2.3579503008070608
1328 4 0.40999999999999998 0.10759603956630355 -0.13511536688855871 -0.45873828048174081
1329 3 -0.81999999999999995 1.1736453636153139 0.41340183026338151 0.18330011247863529
1330 4 0.40999999999999998 -0.81586502720270637 -0.30022201766676249 0.37756541629058749
1331 4 0.40999999999999998 -0.55583559904441826 0.20766271479461215 -0.63884510008074702
1332 3 -0.81999999999999995 0.95086404254614876 1.0794721878196381 -0.68869630089222345
1333 4 0.40999999999999998 -2.023052342784367 -1.7374596893364822 0.4035302895769497
1334 4 0.40999999999999998 0.93952616402893274 0.56519624043123984 0.65741621795609551
1335 3 -0.81999999999999995 0.62213726653944279 0.28443020729333324 -0.20997308662713585
1336 4 0.40999999999999998 0.051558577395595259 -0.03101640738545406 0.13175465984234741
1337 4 0.40999999999999998 -0.34091468749491255 -0.16162345476579901 -0.013590776301523513
1338 3 -0.81999999999999995 -2.0675252124099539 0.57970864216289431 0.48960833859938313
1339 4 0.40999999999999998 0.52643535033402822 -0.40421673883372861 0.45971764416754457
1340 4 0.40999999999999998 1.0016608846999893 -0.12816099113598226 -0.55134345710723687
1341 3 -0.81999999999999995 -0.21333273514186796 0.059662111670582101 -1.0229237667905935
1342 4 0.40999999999999998 -0.28387734996448366 0.070815032834387712 0.60131674498944965
1343 4 0.40999999999999998 0.35385330107629398 -0.49164710482243423 0.19932246352789654
1344 3 -0.81999999999999995 2.6099366443464209 0.18298849801185088 -0.38600792774054504
1345 4 0.40999999999999998 -1.3099088678262338 0.89703365249292655 0.96798259225749739
1346 4 0.40999999999999998 -1.119687769571637 -0.90900631807667387 -0.48642426323304849
1347 3 -0.81999999999999995 -0.10849666083404805 -0.41593955236587171 -0.8034649487015616
1348 4 0.40999999999999998 -0.27930610788687499 -0.16128147967785789 0.7654659309394295
1349 4 0.40999999999999998 0.23856146059715325 0.28957194506345646 -0.03445036267196494
1350 3 -0.81999999999999995 -1.5644383279831262 0.49580577946376142 -1.458565022887502
1351 4 0.40999999999999998 0.073531022348753014 -0.30130599419175863 0.62128238435170668
1352 4 0.40999999999999998 1.3663864072339067 0.040080816959796366 0.8099463359998571
1353 3 -0.81999999999999995 -0.073703031930617918 -2.2874880721261315 1.1915990360924948
1354 4 0.40999999999999998 0.8036549444641804 -0.25800628799882097 -0.3398317374909775
1355 4 0.40999999999999998 -0.82692939587259806 1.8453053697745991 -0.66562181051363134
1356 3 -0.81999999999999995 0.019771664682743734 -0.27421374577408736 0.80052857124206422
1357 4 0.40999999999999998 0.1690927595782856 0.050397202556489752 -1.0522847435217892
1358 4 0.40999999999999998 -0.29033708540422221 0.21302251394598271 0.16833089375349994
1359 3 -0.81999999999999995 -0.5824263356732311 -1.3219104026699839 -1.1493930077971974
1360 4 0.40999999999999998 1.0550327740771701 -0.76303559904879803 0.013582340003296233
1361 4 0.40999999999999998 -0.22913151451009567 1.810650503252512 1.1345076945130967
1362 3 -0.81999999999999995 -0.39074448666679512 -0.93826683505787145 -0.24083557842096676
1363 4 0.40999999999999998 0.86558910905559194 0.27774136286638229 -0.10364030579394952
1364 4 0.40999999999999998 -0.42641314387370444 0.9260334190612961 0.10559393290819145
1365 3 -0.81999999999999995 0.12780002000026783 -0.17773601201702696 0.15982498278015186
1366 4 0.40999999999999998 0.16840729216697237 -0.053967835272874576 -0.30219577059321384
1367 4 0.40999999999999998 -0.059061777645355792 -0.18327896197696558 0.02596176757754378
1368 3 -0.81999999999999995 -0.54264128807408263 -0.98075574356477635 -0.84103364565441441
1369 4 0.40999999999999998 0.71766193881783424 1.0799399487571046 -0.14558146286713855
1370 4 0.40999999999999998 -0.50516826131079262 -0.18449818882178531 0.31530373019377278
1371 3 -0.81999999999999995 1.9577544777762055 -1.43974848762941 -0.74073604983221542
1372 4 0.40999999999999998 -1.0703838621501016 1.5444381942678631 0.57477634387884757
1373 4 0.40999999999999998 -0.41828261081788143 -0.33429201687355786 0.17421585761379443
1374 3 -0.81999999999999995 -2.0224758489265993 2.2085927644879217 0.39046579431980016
1375 4 0.40999999999999998 0.65693826575273895 -0.34017956167447944 0.1573662423014047
1376 4 0.40999999999999998 0.77884897032371536 -1.9698277003868465 -1.4087939522664148
1377 3 -0.81999999999999995 1.3483627295723717 -0.055398448347813559 0.39089652087139937
1378 4 0.40999999999999998 0.29235414435349388 -0.11330979111240366 -0.65731493313696432
1379 4 0.40999999999999998 -1.1856998916606423 0.22993746112624672 0.17847976696968831
1380 3 -0.81999999999999995 -0.16815619613632507 0.41262472753156459 0.028152894036231169
1381 4 0.40999999999999998 -0.30716780635506186 -0.060523265531005135 0.1050034322942117
1382 4 0.40999999999999998 0.55205706877155813 -0.36290847524232589 -0.15927869116176041
1383 3 -0.81999999999999995 0.66381779840924993 -0.86368322446349433 -0.89944451877278708
1384 4 0.40999999999999998 -0.72903677087207652 0.26466506940223444 1.1460205570121162
1385 4 0.40999999999999998 -0.30472721607708159 0.16476162431021613 -0.0046363446279792716
1386 3 -0.81999999999999995 -0.087718424917991644 0.14480447705193361 -1.3125843493807958
1387 4 0.40999999999999998 0.087504540106457057 0.050541468964470732 0.64974273312549102
1388 4 0.40999999999999998 0.14712018982421865 -0.40507002083990307 0.70544174127496406
1389 3 -0.81999999999999995 0.94140447448835041 2.0721093035775788 2.7574079836948089
1390 4 0.40999999999999998 -1.4455936082643961 -1.2690909600667863 -2.4862434290598587
1391 4 0.40999999999999998 0.31609826245537309 -0.93577855290591982 -0.36515191839205063
1392 3 -0.81999999999999995 0.76895089749397239 -0.93179192582842052 -0.00095828474857364697
1393 4 0.40999999999999998 -0.14560642118484365 -0.40741309309919771 0.20899690879240609
1394 4 0.40999999999999998 -0.78787717470412821 0.78176227194522463 -0.26438576112204448
1395 3 -0.81999999999999995 -0.62643720100119915 -0.19833941207322744 0.70308143881112317
1396 4 0.40999999999999998 0.56145770199124256 0.12069406549727002 -0.03831175261038211
1397 4 0.40999999999999998 -0.11933776087133528 0.029136203689819666 -0.45644270917935781
1398 3 -0.81999999999999995 -0.85605052143919458 0.17891046646667261 -0.34837267714476383
1399 4 0.40999999999999998 -0.097593743078398007 -0.044626470427335516 -0.0038958609391523814
1400 4 0.40999999999999998 0.67879120320396813 -0.39268564996660882 0.31222926744476476
1401 3 -0.81999999999999995 -0.075169552970786396 -0.4691144805883033 -0.80663025936615262
1402 4 0.40999999999999998 -0.1262622075544409 0.36558534687662736 0.64122625025284652
1403 4 0.40999999999999998 0.2022714608945958 0.056881636810686552 0.250660970538575
1404 3 -0.81999999999999995 -1.0557085751509387 0.77749483269347752 0.79699814220608434
1405 4 0.40999999999999998 0.40273724135504618 -0.52690816320775113 -0.90376079147091182
1406 4 0.40999999999999998 0.53468350445272472 -0.32443272032632381 0.30926395936816176
1407 3 -0.81999999999999995 -0.67854852303528423 0.32711314455696661 -0.40813631906124431
1408 4 0.40999999999999998 0.51608177005235711 0.34768107022268369 0.34563159167590823
1409 4 0.40999999999999998 0.20938830288738361 -0.41864788480522697 0.25891347290581285
1410 3 -0.81999999999999995 -0.62880635151067765 1.1221689843298597 -0.38620848691455228
1411 4 0.40999999999999998 0.1354368199252001 -0.62161445360370948 0.48991857440184505
1412 4 0.40999999999999998 -0.0092499781457345311 -0.4472320979704032 -0.32050073619428376
1413 3 -0.81999999999999995 -1.0148864786775849 1.0791879520887431 0.2383604300312904
1414 4 0.40999999999999998 1.4385616415992546 -1.0709424791170512 -0.52468606972135312
1415 4 0.40999999999999998 -0.13149848941247411 0.0068460074741324237 0.36891556644901724
1416 3 -0.81999999999999995 0.066326387071274334 -1.6331413333915605 0.60897234939009037
1417 4 0.40999999999999998 0.18757676863188347 0.12763894096560149 -0.36355063965339901
1418 4 0.40999999999999998 -0.23181488640221484 1.2390972082215694 -0.48130032466941075
1419 3 -0.81999999999999995 0.069377034764394191 0.41719636011479244 -0.81638381363093326
1420 4 0.40999999999999998 -0.065785433954632197 -0.062036909941139036 0.6660488744905998
1421 4 0.40999999999999998 0.053906046702840479 0.22025020931768144 0.13005796722836518
1422 3 -0.81999999999999995 -0.25217996469115805 0.5100767564342169 -0.460714867231653
1423 4 0.40999999999999998 0.014141615117656645 -0.39511880399525651 0.33937385603149367
1424 4 0.40999999999999998 0.23235494786092564 0.075986163666738007 0.13501552296524696
1425 3 -0.81999999999999995 -1.1813705817010054 0.36616654611064703 -0.99231906333762798
1426 4 0.40999999999999998 0.52019645993797337 -0.80181947768711215 -0.40463918845119168
1427 4 0.40999999999999998 0.42244781864398778 0.65458343390240858 1.1662700177638599
1428 3 -0.81999999999999995 -1.1915818693529736 0.89885433040978269 -1.0424318670100645
1429 4 0.40999999999999998 -0.015463519109350196 -0.83237162111300023 0.97360910747337415
1430 4 0.40999999999999998 1.2037360980983567 0.049942068211655283 0.2988480338272067
1431 3 -0.81999999999999995 -0.41460367775021451 0.20374774807605944 -0.091429423337892571
1432 4 0.40999999999999998 0.19706568356997942 -0.4291720826239524 -0.14180827108647248
1433 4 0.40999999999999998 -0.15165416614022556 -0.26083991762743092 -0.012523536048200758
1434 3 -0.81999999999999995 -0.82676855440044517 1.5980025968430167 2.1074265088660331
1435 4 0.40999999999999998 0.83762781068754455 -0.5407550401160699 -1.1511736361431186
1436 4 0.40999999999999998 -0.33293911771869938 -1.0277684068690491 -0.66536547840198401
1437 3 -0.81999999999999995 -1.5850324473061235 -0.38697446518183526 -1.2131317289863419
1438 4 0.40999999999999998 1.3523265374802695 0.50884896809357116 0.28863885659118571
1439 4 0.40999999999999998 0.12069805800545125 -0.021310416217108951 0.77467039788074676
1440 3 -0.81999999999999995 0.094688636048444352 1.0599652919725502 0.52065170605941224
1441 4 0.40999999999999998 -0.061882386603669327 0.14885542637088772 -0.21620776129155864
1442 4 0.40999999999999998 -0.42592930769330822 -1.0427487277209893 -0.4679276408933119
1443 3 -0.81999999999999995 0.27426624999365951 0.10039942066803716 0.69914952181535572
1444 4 0.40999999999999998 0.037090613783970765 0.044671433872694032 0.0077361265090676494
1445 4 0.40999999999999998 -0.20348860470533103 -0.27557619591023269 -0.9057588431817778
1446 3 -0.81999999999999995 -0.22169021861001234 0.71001569189724045 0.96054517581558874
1447 4 0.40999999999999998 -0.092623801591250998 -0.41822336680347749 -0.40530654191555693
1448 4 0.40999999999999998 0.16233105237502435 -0.14914215126694497 -0.69444757256205636
1449 3 -0.81999999999999995 1.2099777148028206 -1.5545050109184693 -0.069694909892446491
1450 4 0.40999999999999998 -0.48567949948649553 1.2895329569754417 0.19052573288988778
1451 4 0.40999999999999998 -0.41474416210139597 0.16991518055193097 -0.0023059210870585304
1452 3 -0.81999999999999995 -0.5651331159699613 -0.47316067634520514 -0.97645976407921597
1453 4 0.40999999999999998 0.032224047619271431 -0.0018027350049802562 0.65925245457724746
1454 4 0.40999999999999998 0.21037469318242275 0.31192096486341692 0.25877218733884927
1455 3 -0.81999999999999995 -0.65712242403646703 -0.71351161869896196 0.91180597354822479
1456 4 0.40999999999999998 0.10691777692232354 0.2569972246512025 -0.018609957043613283
1457 4 0.40999999999999998 0.53999614812778451 0.32437130545539022 -0.65122058017447826
1458 3 -0.81999999999999995 -0.54734196450792405 0.92934182526240328 1.5442618441540596
1459 4 0.40999999999999998 0.47279034882867088 -0.65282748532579982 -1.4895931627020542
1460 4 0.40999999999999998 0.27987717272411966 0.066647277456407542 0.31510837381963763
1461 3 -0.81999999999999995 -0.4018325891853457 1.0064027111181018 0.17429706043427043
1462 4 0.40999999999999998 -0.37582330870922426 0.24084478479330104 0.20716870987112815
1463 4 0.40999999999999998 0.37440893658511787 -1.0790603813801389 -1.078772419544793
1464 3 -0.81999999999999995 0.93030879023684743 0.69707305196978053 0.58305568768822547
1465 4 0.40999999999999998 -0.18945304347975148 -0.59964402102748582 -0.54795431370774317
1466 4 0.40999999999999998 -0.54126233724634187 -0.059180215081856787 0.008284422973237995
1467 3 -0.81999999999999995 -1.6628083126237512 0.93801329382350318 -0.3726769554825406
1468 4 0.40999999999999998 1.5075650204972579 -0.26851979373060131 0.60813223774648539
1469 4 0.40999999999999998 0.20089357964335786 -0.88410695627412561 -0.48118720968588202
1470 3 -0.81999999999999995 -1.5782421135522731 -0.36372263417762657 0.29004383369371878
1471 4 0.40999999999999998 0.55634621607637136 0.78332496215620506 -0.10300428806612269
1472 4 0.40999999999999998 -0.19226674861576912 -0.59145996702405179 0.35479056105487244
1473 3 -0.81999999999999995 0.80809846823568987 0.022035727931697117 0.41797725694921417
1474 4 0.40999999999999998 0.29885592701159697 0.15090282443348477 -0.11651413522412277
1475 4 0.40999999999999998 -0.78141399380768461 0.032358912448016135 -0.21560770830939438
1476 3 -0.81999999999999995 0.30883517431034779 -0.50439297748162237 -0.47604745579993657
1477 4 0.40999999999999998 0.066038318318122735 0.87058441724890712 0.19182648740324237
1478 4 0.40999999999999998 -0.14304247015697269 -0.059663954793999004 0.018045341227895896
1479 3 -0.81999999999999995 0.37139271853684069 -0.057698964294523224 0.57080918706889339
1480 4 0.40999999999999998 -0.16831549548848468 0.0486856092411014 -0.8690281313634004
1481 4 0.40999999999999998 -0.26676399280336999 -0.20790561011942615 -0.087782402780285401
1482 3 -0.81999999999999995 -0.58315297174757275 0.13990350435617732 0.12829507716816033
1483 4 0.40999999999999998 0.80216169353866973 -0.11336148757909041 -0.24037768769540022
1484 4 0.40999999999999998 0.19089584825210112 0.0048675839362086384 -0.044482447785923848
1485 3 -0.81999999999999995 1.3471667500075637 -0.39643345225099846 0.21113997524671088
1486 4 0.40999999999999998 -0.7089573459532813 0.056047239169405766 0.3237878780538308
1487 4 0.40999999999999998 -0.47027592043898886 0.52092763175710488 -0.37119411129727614
1488 3 -0.81999999999999995 -0.3999187676843779 0.94493347888282875 1.0769653334036444
1489 4 0.40999999999999998 0.020955655706805403 -0.75479918864631002 0.12328544898424516
1490 4 0.40999999999999998 0.4808253491652365 -0.4730888080655522 -1.1969591558648558
1491 3 -0.81999999999999995 0.12903681601244338 -0.25658657615668246 1.0810316082834945
1492 4 0.40999999999999998 0.0081848089290282831 0.00020906377336855515 -0.42342853982342865
1493 4 0.40999999999999998 -0.16389436896372997 0.24723517464060168 -0.013915663461494579
1494 3 -0.81999999999999995 -2.2773638178771249 -0.90718153345366048 1.1011593078004669
1495 4 0.40999999999999998 1.9658699810892699 1.0737547070051034 -0.81140485463732159
1496 4 0.40999999999999998 -0.013492949224684138 -0.42874417388750014 -0.49432267852999046
1497 3 -0.81999999999999995 -1.6875728125496565 -0.15355974134597661 -0.069917661491522204
1498 4 0.40999999999999998 1.4472710259940031 0.11898459267522307 1.0387357515697613
1499 4 0.40999999999999998 0.066387863545917067 0.11851710419827376 -0.44667728104582899
1500 3 -0.81999999999999995 0.27490816919875527 0.006226911561697409 -0.10784360184179415
1501 4 0.40999999999999998 0.10577628092186452 -0.36691859968778878 0.13722784435971952
1502 4 0.40999999999999998 0.038898762110623687 0.24320361160201448 0.19063226321904192
1503 3 -0.81999999999999995 0.78883060240002412 -0.39149855447367193 -0.039871493871965542
1504 4 0.40999999999999998 -0.17870662705156182 0.046807404765202183 0.17604670426691382
1505 4 0.40999999999999998 -0.17961485546318282 0.26164258806233787 -0.050093312340830393
1506 3 -0.81999999999999995 0.36165563339043799 0.40614516898668351 3.8819865690891988
1507 4 0.40999999999999998 -0.9190230806497186 0.26746140109624256 -1.0368627138062516
1508 4 0.40999999999999998 0.57077267127139975 -0.66571999614457356 -2.8099623165645871
1509 3 -0.81999999999999995 0.45454300672616949 0.26376432980599795 0.55234706221257557
1510 4 0.40999999999999998 -0.19320158609559682 -0.23575274306525207 0.22773209636320196
1511 4 0.40999999999999998 -0.22835405324090086 -0.41420569573878002 -0.40409081559829091
1512 3 -0.81999999999999995 -1.2308086371713991 -1.9934963084987318 2.5416205571249324
1513 4 0.40999999999999998 0.41532617726339838 -0.42562256994547326 0.47513925928350997
1514 4 0.40999999999999998 1.1723366571862111 2.3672347114649166 -3.1364478064634866
1515 3 -0.81999999999999995 -1.1928570168183985 0.1449397527604562 -1.1269794737251897
1516 4 0.40999999999999998 0.48279367011760888 -0.0092933579414438122 0.45014883335348405
1517 4 0.40999999999999998 0.48983743864642648 -0.09545540006615115 0.5172971304091688
1518 3 -0.81999999999999995 1.1527902541253925 -0.64920194787041607 0.55403125453201019
1519 4 0.40999999999999998 -0.81079531192450838 0.14460782341349654 0.33781347461951378
1520 4 0.40999999999999998 -0.64459777402050811 0.75455003607620819 -0.60745643277708161
1521 3 -0.81999999999999995 -0.94051540291636504 0.93772953566504003 0.42429351529002524
1522 4 0.40999999999999998 -0.1030905948116129 -0.6718721968430641 -0.76845165932539705
1523 4 0.40999999999999998 1.0831020265217259 -0.31975230731456838 0.076068161273767393
1524 3 -0.81999999999999995 -0.35876360856702982 1.013992358373689 -0.45640115531030606
1525 4 0.40999999999999998 0.11941632356308853 -1.0502771544080112 0.62034329960703216
1526 4 0.40999999999999998 0.22172254764589522 0.1649669764460048 0.017720479520650256
1527 3 -0.81999999999999995 -0.65902601542469275 0.020478055917170002 -0.42252508646272313
1528 4 0.40999999999999998 0.6929186509886589 -0.09715890570962829 0.064627464127990517
1529 4 0.40999999999999998 0.1349960788376775 0.11604685672964994 0.46517937179372432
1530 3 -0.81999999999999995 0.060595078219790002 0.99407577206521924 0.14432451024204723
1531 4 0.40999999999999998 -0.0052797990027972676 -0.023861547410521253 0.011216780669576237
1532 4 0.40999999999999998 -0.56661706184038896 -0.89738194869928689 -0.16743682080763464
1533 3 -0.81999999999999995 -0.70538242130898798 0.65239913721993592 1.2317994981806561
1534 4 0.40999999999999998 0.00030493841465486365 0.049413606734288608 -0.73279015832244443
1535 4 0.40999999999999998 0.64561803413147623 -0.56100073446972842 -0.38386099606918583
1536 3 -0.81999999999999995 1.0335546808959406 -2.492171021424308 -1.1383679531254995
1537 4 0.40999999999999998 -0.19078083468673762 0.029258421614943495 0.47886638439331153
1538 4 0.40999999999999998 -0.71700599345641347 1.883063510168103 0.75607866170800997
1539 3 -0.81999999999999995 0.8247508822248707 1.3172340131760465 0.55259569919531759
1540 4 0.40999999999999998 -0.53600325401777271 -0.46175828600679014 0.56137469766931769
1541 4 0.40999999999999998 -0.22663624144297373 -0.67157510286119548 -0.9163308339606796
1542 3 -0.81999999999999995 -2.3079820873051484 0.91710308663585993 -2.622715898590275
1543 4 0.40999999999999998 0.65015002317963799 -0.71039637179887583 -0.049602013437962653
1544 4 0.40999999999999998 1.3155725995965857 -0.13747622796970588 2.209663018969195
1545 3 -0.81999999999999995 -1.0441356201929597 -0.2273604409744992 0.12319260200293902
1546 4 0.40999999999999998 0.82922005447271985 0.5856180061974946 -0.79224458001520515
1547 4 0.40999999999999998 0.30030006486359984 -0.71507719293959116 0.90281750301676411
1548 3 -0.81999999999999995 0.10178541216974732 1.1666797107432418 0.53324924683604102
1549 4 0.40999999999999998 0.01384200083990012 -1.2092983307070113 0.30094444546160071
1550 4 0.40999999999999998 -0.31704871281468744 -0.092881176222730275 -0.70792658305082823
1551 3 -0.81999999999999995 1.1667322726505591 1.5791059492943238 -0.52051331333805562
1552 4 0.40999999999999998 0.31215683078536732 0.21099941245132997 0.14913482496619235
1553 4 0.40999999999999998 -1.3833850362296607 -1.6980429557583296 0.16450584508021054
1554 3 -0.81999999999999995 -1.125525843853868 1.1369467699317271 0.90531564184811852
1555 4 0.40999999999999998 0.75685321659443394 -1.2384370904209059 -0.44532987715555228
1556 4 0.40999999999999998 0.22540402098582438 -0.074313090787050853 -0.13301050571574594
1557 3 -0.81999999999999995 -0.27494236069703104 -0.3954861097084138 1.2956090709617207
1558 4 0.40999999999999998 -0.21880576089879997 0.49904624964072342 -0.36492151911238307
1559 4 0.40999999999999998 0.54344873370176194 0.081775921975358198 -0.82020931680463161
1560 3 -0.81999999999999995 0.28430621752432561 -0.47159501433821138 -1.0005954938324162
1561 4 0.40999999999999998 -0.31609478087593212 0.41050604750282904 0.24615038922073465
1562 4 0.40999999999999998 0.63115586912539567 -0.17974715387609511 0.6930592069129029
1563 3 -0.81999999999999995 2.453380224979242 -0.076734169156673956 0.98738187102135222
1564 4 0.40999999999999998 -0.59629111343752172 0.39730906747902395 -0.89054253664925465
1565 4 0.40999999999999998 -1.8858831592225214 -0.20830258604633306 -0.067660754385476515
1566 3 -0.81999999999999995 0.19232033097530696 0.18511840322780809 -0.39211349273452406
1567 4 0.40999999999999998 0.40374105713566349 0.031379899140663511 0.0045279967040858038
1568 4 0.40999999999999998 -0.30684970213990076 0.034674092024329826 0.29809453270178171
1569 3 -0.81999999999999995 0.18221055183646725 1.0640057018088203 -0.035405991994515627
1570 4 0.40999999999999998 0.18996808872259566 -0.81109526351365724 0.0090244510639526394
1571 4 0.40999999999999998 -0.17169727685802599 -0.050709644715441739 -0.078429831560826141
1572 3 -0.81999999999999995 -1.1389429412965282 -2.0759153472424345 0.027455591883989043
1573 4 0.40999999999999998 0.34250470114897524 2.0906853766772588 0.99174077164622321
1574 4 0.40999999999999998 0.39158426031530702 0.049817438421703032 -1.0122635601647365
1575 3 -0.81999999999999995 -0.52656565863641303 -0.39189674979660533 0.2868211863038394
1576 4 0.40999999999999998 0.37638019355225394 -0.014090492397912444 -0.0034882775303212857
1577 4 0.40999999999999998 0.2408331426938749 0.20560916241349486 -0.22510477393382861
1578 3 -0.81999999999999995 1.2381876563818655 -0.8307107905392157 -0.41475897954985141
1579 4 0.40999999999999998 -0.50732007184856587 -0.073764127137132124 -0.098776419635056428
1580 4 0.40999999999999998 -0.39716783365146324 0.7062283502030402 0.13623374734175236
1581 3 -0.81999999999999995 -1.1500404111894722 -0.76780548690102801 -0.62154369582235036
1582 4 0.40999999999999998 0.40146012219001276 0.35762756970060228 -0.15120604907589655
1583 4 0.40999999999999998 0.96971009110285178 0.36743654622306199 0.40980081778786231
1584 3 -0.81999999999999995 -0.29191003347263905 -0.45720102262975831 0.20045093489331042
1585 4 0.40999999999999998 -0.080686376853369379 -0.14732816438474897 -0.68817075856207077
1586 4 0.40999999999999998 0.53337293390401996 0.54294491443651438 0.59014378647334798
1587 3 -0.81999999999999995 -1.5473855165584829 -1.2537759088963087 -0.75884913207880378
1588 4 0.40999999999999998 -0.45620892389843737 0.65427329561468961 0.37932891294427179
1589 4 0.40999999999999998 1.8260788035276516 0.77409708945077826 0.21815141577200542
1590 3 -0.81999999999999995 0.4189794444162015 1.3425458916594142 0.41899947345992111
1591 4 0.40999999999999998 -0.15180662814280044 -0.84601730633182748 -0.3787950092118339
1592 4 0.40999999999999998 -0.62707789445483464 -1.1935455346426789 0.48607528818418771
1593 3 -0.81999999999999995 -0.83245034379117322 0.083453440462136 0.51306653797637092
1594 4 0.40999999999999998 0.6446022301603882 0.35945485040280661 0.012081991315709752
1595 4 0.40999999999999998 0.41402466165974028 -0.28084234158357968 -0.21496687867222719
1596 3 -0.81999999999999995 -0.37043920161051164 1.0283254759368037 -0.48447510342356265
1597 4 0.40999999999999998 0.20416638294160167 -0.52697131722433466 0.14936215808352737
1598 4 0.40999999999999998 0.076131201850067817 -0.074756727715500251 -0.07464217619090098
1599 3 -0.81999999999999995 0.44715687241787677 0.75422180247757287 0.17948295662425248
1600 4 0.40999999999999998 0.024446635246209946 -0.55152898424562735 0.19126336847237022
1601 4 0.40999999999999998 -0.44849606205954634 -0.47364317750760121 -0.15419990020143892
1602 3 -0.81999999999999995 -0.014959192066641187 0.062198066261830401 0.47012513078700929
1603 4 0.40999999999999998 0.1977257483742037 0.032991084692982717 -0.12920930099319861
1604 4 0.40999999999999998 0.077014402683386135 -0.19822461952199294 -0.25601894233138145
1605 3 -0.81999999999999995 -1.0916707926267875 -0.72985695127578065 -2.2723016458548093
1606 4 0.40999999999999998 -0.6809288846969872 0.90780517394418669 0.90762844358608785
1607 4 0.40999999999999998 1.7551459517986578 -0.27380169763561701 1.475479186305356
1608 3 -0.81999999999999995 2.7989146677050782 -0.19040307440052609 0.76357483992635511
1609 4 0.40999999999999998 -1.788597307292253 0.39057453617291465 -0.87903435001906305
1610 4 0.40999999999999998 -0.52922132872520311 -0.024095557012578775 0.59083008286713379
1611 3 -0.81999999999999995 -0.22319470231361008 0.26851632687969479 -0.17979411297897574
1612 4 0.40999999999999998 -0.42567669716759693 -0.0070797221081308637 0.20397618179983737
1613 4 0.40999999999999998 0.45798748966927055 -0.44102997284045942 -0.30837908555700499
1614 3 -0.81999999999999995 -0.17731859548146514 1.4550584036552152 -0.29076224062327272
1615 4 0.40999999999999998 -0.26905870574292473 -0.1282376881785422 0.38844228676713688
1616 4 0.40999999999999998 0.19945411630791104 -1.385912190103294 0.17184443861651991
1617 3 -0.81999999999999995 -0.20147191661404371 0.057916970213023194 -0.085579413733726961
1618 4 0.40999999999999998 0.42359440263509579 0.18972592212998191 0.36886232840058086
1619 4 0.40999999999999998 -0.20733848374399089 -0.37560409694772756 -0.35043325154641941
1620 3 -0.81999999999999995 -0.38910539559970247 0.36443465573793238 -0.4491313369183022
1621 4 0.40999999999999998 0.13020248486844446 0.0025315235433687427 0.02485200302695395
1622 4 0.40999999999999998 -0.061994494830842461 -0.40962063037922114 0.28069032627433954
1623 3 -0.81999999999999995 -0.78745462474263572 0.50507161783638188 0.19891788121373277
1624 4 0.40999999999999998 0.47413047870580233 -0.82595551155808444 -0.12689556939413094
1625 4 0.40999999999999998 0.39837288351787864 0.17879162695327089 -0.16806487500895173
1626 3 -0.81999999999999995 0.35859073210214004 -0.67296068600098891 0.30613812250235112
1627 4 0.40999999999999998 -0.16264176404670622 0.14658475655487799 -0.55426710220548103
1628 4 0.40999999999999998 -0.31779653346952902 0.16303059809731882 -0.015504032831954223
1629 3 -0.81999999999999995 -0.70907780276532495 -1.6134646596651252 0.63224283117281355
1630 4 0.40999999999999998 0.9444813156913463 0.68178467287337841 -0.26003058335608398
1631 4 0.40999999999999998 -0.44562328689466529 0.83697282667800232 -0.15324024775948178
1632 3 -0.81999999999999995 -1.1499370181680384 -0.70755217753474153 -0.053310519463310502
1633 4 0.40999999999999998 1.1288132646613342 0.61011377209578999 0.19478591388880614
1634 4 0.40999999999999998 -0.00029903434257544023 0.16649606030528707 -0.17214866441272503
1635 3 -0.81999999999999995 1.5856124030694827 1.1826412238673041 -1.3541579661376553
1636 4 0.40999999999999998 -0.74669139048547695 -1.1612736575530518 1.3222451927638033
1637 4 0.40999999999999998 -0.58179217597173272 0.040335073007937677 -0.10184208365080863
1638 3 -0.81999999999999995 -0.38982044992725123 -0.44582228268373397 -0.75673462531308222
1639 4 0.40999999999999998 -0.1686391624901071 0.28518173655177353 -0.32558704493813068
1640 4 0.40999999999999998 0.44217814199764122 0.37944448836943467 0.37124577456777902
1641 3 -0.81999999999999995 -2.246448811101049 0.71973891753581198 -0.61970226265723249
1642 4 0.40999999999999998 0.65895965668736622 -0.20663684042280786 -0.087535402252216954
1643 4 0.40999999999999998 1.1697629207946501 -0.44855402075022432 0.38482181092869844
1644 3 -0.81999999999999995 1.6074140731984481 -0.92600596211609709 -0.99583822928613819
1645 4 0.40999999999999998 -1.8378264717637354 0.50641635705876209 0.48454806987349985
1646 4 0.40999999999999998 -0.018600595165249915 0.26258009977272961 0.491081435866143
1647 3 -0.81999999999999995 0.11293256165059598 -0.7011294110774251 1.1793584288104686
1648 4 0.40999999999999998 0.22869963174621233 0.085868323080677614 -0.81461239784432449
1649 4 0.40999999999999998 -0.42982747796140647 0.4811269879086536 -0.44512607341921429
1650 3 -0.81999999999999995 -1.6741923447715161 2.6633085190202501 0.18171923897443898
1651 4 0.40999999999999998 0.46198525346640468 -0.40399355481446281 -0.52639068111649057
1652 4 0.40999999999999998 1.4921129164202684 -2.1675972804363317 -0.10825506557232331
1653 3 -0.81999999999999995 1.2690759978575625 -1.8489959681281138 -2.4961655118186137
1654 4 0.40999999999999998 -0.38539568823256387 0.084882738838735622 0.11803810405623545
1655 4 0.40999999999999998 -0.71941202788589476 1.8676485094484752 2.336701468136841
1656 3 -0.81999999999999995 -0.40576828455753927 1.0169500732595707 0.23791373306689337
1657 4 0.40999999999999998 -0.12343146349871896 -0.38104416765024213 -0.0011463388778926715
1658 4 0.40999999999999998 0.46076781452550497 -0.39304527432844211 0.010455767076031325
1659 3 -0.81999999999999995 0.55731845752282994 -0.80901995761993128 -1.3619643238668906
1660 4 0.40999999999999998 -0.86705967657580829 0.50249345352978803 1.3062288395445041
1661 4 0.40999999999999998 0.53765566809265419 0.31486339758845472 -0.29995347833350094
1662 3 -0.81999999999999995 -0.29461768596359356 0.26439593027621638 0.15394102710432656
1663 4 0.40999999999999998 -0.13223966905191903 -0.28247045578053742 -0.34326509208180545
1664 4 0.40999999999999998 0.28345985285415298 0.24873593330919341 -0.19568266640774742
1665 3 -0.81999999999999995 -1.2157791186788955 -1.0594836703868777 0.35101975734118923
1666 4 0.40999999999999998 -0.12730749914494568 0.21447663992620916 -0.41826735642589263
1667 4 0.40999999999999998 1.2508083218118282 0.74948456591401058 0.1357461215978312
1668 3 -0.81999999999999995 0.2295838443820877 -0.073412442670270375 -2.384111402738383
1669 4 0.40999999999999998 0.18680816491185112 -0.078495936974477362 1.9778133134249203
1670 4 0.40999999999999998 0.28919306059806527 0.26539042789068934 -0.10439693545033076
1671 3 -0.81999999999999995 0.49886854208308712 1.5007771189704808 -1.2054591739667677
1672 4 0.40999999999999998 -0.18008156813945045 -1.019991691374118 0.5884372266234198
1673 4 0.40999999999999998 -0.12058936400305281 -0.3960861160449422 0.50005768061642897
1674 3 -0.81999999999999995 0.45782725880722569 0.033654921336783217 -0.41280561282403133
1675 4 0.40999999999999998 0.14257875038612888 -0.64400835973024417 0.11419310219035332
1676 4 0.40999999999999998 -0.27071142831181688 0.54928309123575014 -0.049813358592073767
1677 3 -0.81999999999999995 0.35994041837401169 -0.27734255605211788 0.2640965782049412
1678 4 0.40999999999999998 -0.078377351982513999 -0.027320523655162923 0.42292085710215421
1679 4 0.40999999999999998 -0.021129078551894141 -0.045545389728139277 -0.28396146961503571
1680 3 -0.81999999999999995 0.40482715101408839 0.53060850292340689 -0.7436345366335585
1681 4 0.40999999999999998 -0.41097482994188822 -0.17194040313319964 0.0050536726663701044
1682 4 0.40999999999999998 0.41787463112552503 -0.052036927327615973 0.53836067413381827
1683 3 -0.81999999999999995 -1.8064220280319512 0.53182307461757061 1.4874274445319735
1684 4 0.40999999999999998 0.62623700506685498 0.54739189228526453 -0.83809373688109068
1685 4 0.40999999999999998 1.2939508481754036 -1.1782288433802899 -0.4414188342447935
