# golden forces for examples/imidazole_grimme2015 (partition 0, layout 2x1)
# id type q fx fy fz
1 10 -0.12790000000000001 12.220792494993507 -77.358644289744205 18.651285159279684
2 11 -0.1469 -9.166754934648333 -27.431122673587048 12.588974660086755
3 12 0.065000000000000002 32.296649118393439 6.3691431900970006 -12.176842121011703
4 11 -0.1469 -57.997797019195389 44.958005979110325 1.9298196946270705
5 10 -0.12790000000000001 65.267934626021642 19.681492582934595 -72.078209509603795
6 13 0.25130000000000002 -20.692325659414966 25.667267355902041 2.9785608924829114
7 14 0.371 -2.181197131689256 -5.647285062353415 3.4085730022581364
8 15 0.23999999999999999 -13.281950613387822 8.4904791517630986 2.3976714149955507
9 14 0.371 -3.3721392386186619 -3.2031047769518532 13.138423983054059
10 13 0.25130000000000002 -9.343532263092591 6.6420496347473499 23.787896445745545
11 1 -0.33529999999999999 85.186965011174422 38.975586637428471 4.4513005717676055
12 2 -0.22140000000000001 -53.275827287196684 -28.77599607479295 -5.0218583957457943
13 3 0.20300000000000001 -25.931767642456553 -7.4350130309148259 -58.671304765559768
14 4 -0.53480000000000005 -21.991924840819873 -9.4391872697981167 28.561885480851181
15 5 0.1469 3.4588122224995237 3.8988236815285915 -16.405891715652984
16 6 0.2137 -17.666039012994638 -11.652947105704165 23.148490680902118
17 7 0.311 -3.6956711425651774 2.2289375000774427 -12.267386466735815
18 8 0.1111 32.090475869882987 13.548891566515245 38.644083399040518
19 9 0.10580000000000001 -3.9045507212616872 5.3845149616024681 1.0435712947876692
20 1 -0.33529999999999999 17.226873233769037 43.028249156142287 48.060125435209983
21 2 -0.22140000000000001 -33.221004760969471 -4.9660454686913278 18.778639794120902
22 3 0.20300000000000001 0.34125691322062668 -1.7463933827158846 -52.009225611017719
23 4 -0.53480000000000005 37.831326630862719 -1.1479707193758539 -26.461302475220563
24 5 0.1469 18.617847922071999 -6.2375678649501767 39.663015809070373
25 6 0.2137 -7.771225328661636 -13.634968279273457 -15.482475055894305
26 7 0.311 -20.109923159533686 -16.503147789551356 16.921662077394352
27 8 0.1111 -11.47748705538822 -14.323102710083896 4.8762138918373568
28 9 0.10580000000000001 -0.13805428134059108 2.8555589981719356 -19.1634923160514
29 1 -0.33529999999999999 -0.1942033543448265 -14.428991141647884 5.7289943347394177
30 2 -0.22140000000000001 -2.7678428044947778 4.1668928837986972 19.768330313379355
31 3 0.20300000000000001 17.768747140965125 -0.2477337475782361 -30.39109215069729
32 4 -0.53480000000000005 9.6914609884496663 27.01490218709586 22.462379477379354
33 5 0.1469 -6.2825521276077767 0.94088752147448518 2.0838157363444618
34 6 0.2137 -12.056251452588135 -16.290647176559045 4.2999495380789687
35 7 0.311 5.4389972881308548 1.3418545125010879 -7.3490733240324326
36 8 0.1111 -13.867657316363966 -6.7961953681590437 11.024575945774059
37 9 0.10580000000000001 7.1444863241058334 -9.6964779680306012 -30.358391141001135
38 1 -0.33529999999999999 17.675979836215117 -11.904867568408001 35.283474640809374
39 2 -0.22140000000000001 -10.116786524015101 -35.747580783275993 -8.0856315183114091
40 3 0.20300000000000001 -0.66855522624484864 -11.730890555159652 -6.3075853930054677
41 4 -0.53480000000000005 -1.0047898572546605 -15.311292028950918 16.341376529034363
42 5 0.1469 -0.27462620704372137 75.708886933781656 -41.844422397360212
43 6 0.2137 -8.5354819289332031 -5.0058845146497628 -7.2987971795047866
44 7 0.311 2.8542968681519985 11.428403659532313 0.34848340606248013
45 8 0.1111 2.4911582996178105 20.507043466465266 3.9432306196323972
46 9 0.10580000000000001 2.035044730909803 -24.310864337404073 5.5959469867248757
47 1 -0.33529999999999999 24.058457137970038 18.742453765044257 -28.610044511510605
48 2 -0.22140000000000001 16.780823543770921 -31.617571731506164 26.917726253456312
49 3 0.20300000000000001 16.367896743199235 31.271671121334411 -4.7393681795032814
50 4 -0.53480000000000005 14.496582854282721 -33.427170523829837 0.64472486667742579
51 5 0.1469 27.797894797091075 23.704564158640547 -6.5885305144258641
52 6 0.2137 -19.309360253329057 -24.035848950232015 22.466085784943651
53 7 0.311 0.14163139054220117 -1.3239092650427546 1.4327170707350108
54 8 0.1111 -43.333146241385343 -1.0087324919451819 1.8609021239374286
55 9 0.10580000000000001 -36.75880632685022 12.742162106394289 -11.436000763994786
56 1 -0.33529999999999999 -13.557359347546495 74.644401939806642 -20.851213557959191
57 2 -0.22140000000000001 11.627550578763998 -19.92852171101428 -9.1780820710246562
58 3 0.20300000000000001 -0.1362914922287648 -33.605009909094456 57.876308395030925
59 4 -0.53480000000000005 1.497514819214127 14.596090562897384 -28.445816395361785
60 5 0.1469 -4.7796008886803714 -66.288037965650389 32.295431479635319
61 6 0.2137 8.784484104685685 -24.311619349114185 1.5315720187843096
62 7 0.311 -7.0849274576194281 20.530145305777818 9.4146723649114588
63 8 0.1111 3.9891552595566306 17.103879695910887 -41.260141667398905
64 9 0.10580000000000001 -1.9061272438666677 20.068563003548221 -3.0848409798601675
65 1 -0.33529999999999999 -24.721829462801178 -27.802795417311579 -7.0688090511745436
66 2 -0.22140000000000001 35.900616692752763 59.311815543759892 30.292171652737004
67 3 0.20300000000000001 -39.687341657160559 -70.800783215512482 -55.683428357244303
68 4 -0.53480000000000005 -23.76874713672677 19.09572054381244 49.504720066232998
69 5 0.1469 13.759322522667134 -4.9250517010330483 -15.218656734042483
70 6 0.2137 3.2460771256596517 31.713426538300464 23.070947304682029
71 7 0.311 1.6571993762003425 -9.7313049502824907 -19.855299362555598
72 8 0.1111 12.731004428914961 1.2402961327222501 2.1771336620289508
73 9 0.10580000000000001 14.780789130378523 7.3005615037884057 -6.4948404679607359
74 1 -0.33529999999999999 -73.0015685753729 -15.144364871439906 24.209434942046929
75 2 -0.22140000000000001 20.013692611826901 -36.743340255320284 -6.9091059035172444
76 3 0.20300000000000001 -13.179144597186751 47.218607341740636 -3.2054549741592595
77 4 -0.53480000000000005 -20.636851173939931 24.916500379163676 23.35675534226618
78 5 0.1469 58.741423666150709 -52.237579662739563 -26.753875392125689
79 6 0.2137 5.9977491495071584 34.531699797333879 7.5189619376277514
80 7 0.311 1.4301010542793635 7.1561679218660919 -5.1536077214511549
81 8 0.1111 5.0144907721182301 -12.204046200521066 -2.7167456058209458
82 9 0.10580000000000001 0.11763153172612438 2.8431999348947112 -4.5782654490970787
83 1 -0.33529999999999999 12.618198989141844 43.59394573248278 -68.342409533059168
84 2 -0.22140000000000001 31.9666610308985 -14.637776205104743 33.677321793768762
85 3 0.20300000000000001 16.063539232367642 31.188380790916906 18.88164545248425
86 4 -0.53480000000000005 -13.831460294303888 -32.637874985546965 2.9926231999039854
87 5 0.1469 -31.501287054826012 -11.30459757905877 4.2790112731369874
88 6 0.2137 12.670449382772151 -9.3566216830179076 35.438115945642686
89 7 0.311 -36.535845999322454 -12.246617054178451 -25.025726003028158
90 8 0.1111 -6.8626306356307225 -10.161933485331277 5.9730865198770333
91 9 0.10580000000000001 8.1585961780715479 7.2604325551112181 -6.4856671220657862
92 1 -0.33529999999999999 -23.340796588507207 -2.3472585737396736 36.757831576843856
93 2 -0.22140000000000001 -5.9308380158054366 27.691790123874842 -62.731865186821395
94 3 0.20300000000000001 -29.470635714780752 4.222404701055213 32.467113339995201
95 4 -0.53480000000000005 12.399943080667573 -5.8479908409855232 16.884697202574355
96 5 0.1469 8.5927633051944881 18.185443861654885 1.7540008621041354
97 6 0.2137 9.1952801609051544 1.1467111440643556 -11.474064830447201
98 7 0.311 16.942265841976187 -15.110079329490617 13.971968455814485
99 8 0.1111 22.742908340493877 -29.290769646178596 15.43377298895334
100 9 0.10580000000000001 -7.3036988725072662 9.0362322068285614 -41.010403322314083
101 1 -0.33529999999999999 7.3385227090741401 11.951053778383363 -9.5814971950295096
102 2 -0.22140000000000001 51.74672034943471 -27.842107403979554 10.433345016550675
103 3 0.20300000000000001 -68.675303655616418 34.800411210413728 4.0078403869913286
104 4 -0.53480000000000005 17.682745043178073 -37.505552667365222 37.568280158165557
105 5 0.1469 -14.567640132510046 31.555347106494828 -74.88077417007041
106 6 0.2137 -2.6837337799081769 3.9211415524144235 -0.5820693565912779
107 7 0.311 -21.375405224339907 9.0695872396181496 0.62328808949926096
108 8 0.1111 6.1177540712391112 -9.404819788638731 -9.3246377185415721
109 9 0.10580000000000001 7.4322543968123185 -8.8839960352543592 36.032272396071221
110 1 -0.33529999999999999 -7.5012240622392321 -45.60621785840268 -0.57815593918732899
111 2 -0.22140000000000001 -8.5106817203791714 54.798998173673581 10.617087564954879
112 3 0.20300000000000001 -69.076300456093861 17.145375384112306 37.301721248137405
113 4 -0.53480000000000005 52.944164006898319 15.956255439645028 -20.879993019666031
114 5 0.1469 16.061462984682311 -15.282351534173207 -3.7216236066910975
115 6 0.2137 -3.3646438396585308 29.878489345732351 3.6236159352202688
116 7 0.311 8.3487626689397665 -31.406446652004259 -17.858219288539413
117 8 0.1111 14.049867044142486 -11.983499216797457 -9.8026876989869844
118 9 0.10580000000000001 -7.093110580378057 -12.19800559631709 5.685088882916582
119 1 -0.33529999999999999 22.932907223563507 19.345866069080799 -46.994731219500366
120 2 -0.22140000000000001 2.5390989643758752 -9.9792314996290425 29.312811437146621
121 3 0.20300000000000001 -36.941672994581118 13.399658311427464 -65.590631236122647
122 4 -0.53480000000000005 -5.9911955869184856 -35.40695802060452 54.0093419164699
123 5 0.1469 9.0152796530089088 -3.6372537684499391 10.900353932951273
124 6 0.2137 -5.6829270133045027 -5.1861303195514248 7.8087799331578092
125 7 0.311 20.540232774100691 13.718019612258116 -4.2134792789494808
126 8 0.1111 -12.093488553537695 -8.6290226007209707 19.299297287008837
127 9 0.10580000000000001 6.1916184539444599 13.372677845566455 -3.0274798880752627
128 1 -0.33529999999999999 21.024389396124278 10.755523115088037 53.619410165076985
129 2 -0.22140000000000001 -17.944118141276423 -16.010229155093946 -22.913209903981489
130 3 0.20300000000000001 15.213894854570935 -18.815265631215617 30.842543752295743
131 4 -0.53480000000000005 11.660929418318513 20.735553252549607 9.3774960412598389
132 5 0.1469 -27.876321432689377 -7.1596601390952808 -38.90177189115785
133 6 0.2137 -5.1317545003235825 -8.8318531748536095 -3.0028185453342826
134 7 0.311 0.65975334812081432 11.180462471186532 -11.1094151254047
135 8 0.1111 -0.63140072638287892 9.4087024997812367 -10.918419993330479
136 9 0.10580000000000001 5.7860237686893363 2.644115008250095 -14.053234788655065
137 1 -0.33529999999999999 -4.2752876009218417 -120.29407498878396 5.10718704444594
138 2 -0.22140000000000001 -61.243662540293307 -0.40463812598198573 18.421556692322373
139 3 0.20300000000000001 -15.24364753549203 25.420308620409322 5.8971648039455582
140 4 -0.53480000000000005 3.443163515035141 9.8472750262451409 6.7682262206855359
141 5 0.1469 9.359001763248898 10.158804658897912 7.2966695316965504
142 6 0.2137 17.295582270277677 41.58975294362709 -5.1383609256213916
143 7 0.311 15.568102118613824 43.134227890801426 2.4223666376794424
144 8 0.1111 27.48850425738777 -12.461180892825059 -22.60985580416606
145 9 0.10580000000000001 7.3534754543849496 4.0784685708229302 -16.039004823132359
146 1 -0.33529999999999999 4.8960898739447964 -8.1866739053331656 -9.0884008679329504
147 2 -0.22140000000000001 -3.6242270076956555 27.105547728606748 -27.606421012257375
148 3 0.20300000000000001 -25.220041264879324 -22.448205946563149 10.615843248637088
149 4 -0.53480000000000005 7.2533533369533298 -12.092439185707685 -16.174421657181192
150 5 0.1469 -31.342349721195365 -12.262249096236644 22.567734133190605
151 6 0.2137 28.315913769361455 -22.567794305524959 9.6874290126985727
152 7 0.311 5.9881446311155342 13.889734785825388 7.498913304682131
153 8 0.1111 -0.29836800586740819 15.542934468395236 -0.51930901528372475
154 9 0.10580000000000001 13.356864889949076 23.579275810750453 0.164487692286092
155 1 -0.33529999999999999 4.8579820595724046 0.6196903148284939 56.552736346867917
156 2 -0.22140000000000001 -14.708290337147009 -8.7950670822934267 -46.751666747106263
157 3 0.20300000000000001 53.609856184082922 0.2190708025031442 -6.2322882883963731
158 4 -0.53480000000000005 -37.697654762386293 9.28878843456088 43.678781225752935
159 5 0.1469 14.854790094009115 -5.6612152923063883 -15.19967716393349
160 6 0.2137 -12.857077053866394 2.4677438605744086 -4.6616611472428122
161 7 0.311 -0.3986552686975775 1.2428469753267082 5.4252611856948638
162 8 0.1111 -0.022938602995990598 -3.1977707166802354 -18.886891028042299
163 9 0.10580000000000001 -6.1055329431470691 -5.4038103445432579 -12.410253149706174
164 1 -0.33529999999999999 -10.962011361550973 13.948090622814206 -14.221538572998517
165 2 -0.22140000000000001 -30.995371378477341 7.1427229945780892 5.6034708062041139
166 3 0.20300000000000001 -1.7363928765098904 -11.364890938250838 5.8044124089354527
167 4 -0.53480000000000005 -15.745547919975515 -19.89174796820236 -13.839316024291543
168 5 0.1469 16.74034907436522 4.4400815992525651 24.727259039559716
169 6 0.2137 -2.1524924076066085 8.3646203919441913 3.2390078244357734
170 7 0.311 14.862969960639001 -7.7527964404487699 -22.065130101535104
171 8 0.1111 9.3320805256905786 5.8652081828769784 12.095116142680853
172 9 0.10580000000000001 8.6711896124959615 1.1311529026895439 -2.5682604661011297
173 1 -0.33529999999999999 30.280161367809193 -16.492770350187431 -8.0916192656865373
174 2 -0.22140000000000001 12.767243885881435 -13.708794471100358 21.612783269414557
175 3 0.20300000000000001 -29.283391553103282 -31.056334619325707 -50.520507021063651
176 4 -0.53480000000000005 -10.865588305925398 29.561152408723935 12.789972601195924
177 5 0.1469 -35.597570095780888 19.367545609319361 -36.128889916861695
178 6 0.2137 -10.966858562416077 3.9423439588124745 1.7415361007515915
179 7 0.311 -3.8708040636115566 -32.004067185379846 -6.623659415057797
180 8 0.1111 7.4292255399090026 51.82851521525555 24.188889011124029
181 9 0.10580000000000001 47.045248991688389 -10.518224715461864 43.744972048557067
182 1 -0.33529999999999999 8.5250386013747654 18.291964467457532 -56.474255056253917
183 2 -0.22140000000000001 -7.1697678118881125 -20.462367280421297 -4.212552221053472
184 3 0.20300000000000001 -0.20007170347585693 -18.357077572518822 14.599287818823523
185 4 -0.53480000000000005 -44.239889101537408 -27.622429058338039 35.517935222091118
186 5 0.1469 45.583773525999803 71.722214760989175 46.234993659991751
187 6 0.2137 -9.7397563684916584 -13.149397995743104 -9.7342287057048473
188 7 0.311 2.7814990590655353 -15.461480244195467 -10.654939112479473
189 8 0.1111 14.059588614745557 23.025672106330468 -29.389580830951925
190 9 0.10580000000000001 -13.341133886794859 -22.566941243686742 9.3934917350852043
191 1 -0.33529999999999999 13.141377973069323 25.811747148542445 -13.079215414923505
192 2 -0.22140000000000001 -22.16239437958734 -11.320554411404864 14.711927161909568
193 3 0.20300000000000001 -0.7454074671426667 -2.0335562297292515 5.1617278812063203
194 4 -0.53480000000000005 2.7485214660140573 0.38757783710777138 -51.85860913207938
195 5 0.1469 10.65528468052714 -4.2354588428466977 31.160649822257778
196 6 0.2137 1.922871666190654 1.1951522157606163 13.547160992211845
197 7 0.311 5.243655612723698 6.9905010075168814 -2.7897053511221799
198 8 0.1111 -1.387131490886218 -5.2938437349747867 2.6052521100226409
199 9 0.10580000000000001 -7.342956098372122 -6.9537021628905853 7.6113679471590201
200 1 -0.33529999999999999 -61.244416791998681 -23.014269419474306 -26.022557791125017
201 2 -0.22140000000000001 7.6571843606071699 27.183877445613138 3.5191702780790002
202 3 0.20300000000000001 6.0708267456093497 10.498119212632483 0.45289506238989119
203 4 -0.53480000000000005 -8.8177981243917962 -0.38296797379456665 2.49047125227341
204 5 0.1469 48.505155071443426 13.624322780211964 36.692964637137379
205 6 0.2137 17.439082818992592 -0.36007220422728259 -2.4074104833021699
206 7 0.311 10.303403060650577 8.5260948012115225 7.4016484797383724
207 8 0.1111 -5.3277467500236124 -30.662029995983978 1.3465235954243082
208 9 0.10580000000000001 -18.547565040577823 -5.8635384833112658 -15.671734924826957
209 1 -0.33529999999999999 27.212004792628434 -42.780719711410669 21.628404760444408
210 2 -0.22140000000000001 -5.0573194702336552 12.759398095692449 -1.9606471702099715
211 3 0.20300000000000001 4.6119596882039078 -2.2778983253229694 -19.922595699895719
212 4 -0.53480000000000005 10.858037723694705 1.2078312850453681 -0.17869826342748948
213 5 0.1469 -26.191822837075748 58.111485452347317 0.16715514041445978
214 6 0.2137 -6.6490254080372111 5.942078267910623 -6.5781116850433454
215 7 0.311 2.9091955076944416 5.6439995308429154 4.3275518186475823
216 8 0.1111 -2.7588820890287837 -2.4911029195221692 2.4172000562191998
217 9 0.10580000000000001 8.5304532092783738 -24.070201720935351 -12.186069277955962
218 1 -0.33529999999999999 13.631320920991573 13.927776283255927 -24.736933661688834
219 2 -0.22140000000000001 -13.644183164765032 -21.298406539425056 17.66978684163168
220 3 0.20300000000000001 -8.3674338017403436 31.872489835705387 -18.918261779946654
221 4 -0.53480000000000005 33.822049694480036 4.200233660249717 39.959639919765017
222 5 0.1469 -19.309413552214121 -24.615440237778337 -2.1990927507049949
223 6 0.2137 -17.915555417808317 4.7325733270026511 5.113284466562602
224 7 0.311 5.3756433598334956 14.793999077754707 -6.9962974801027604
225 8 0.1111 -18.944612298132348 -12.913821534201059 -13.301095224722289
226 9 0.10580000000000001 25.926760119659523 -19.550595437450546 8.8549704683229429
227 1 -0.33529999999999999 -51.086200243652172 -12.152881567353381 34.816830498529121
228 2 -0.22140000000000001 20.710280585260055 -2.0908431518497883 14.539547228023489
229 3 0.20300000000000001 -3.4635165981998517 1.8607603147820915 -19.710535834609558
230 4 -0.53480000000000005 3.3133625852295503 2.7868659998887235 10.699767188087417
231 5 0.1469 46.480656298098836 0.80609567586576536 -26.881071494714
232 6 0.2137 6.6887172076431085 14.151303333651834 -37.278736306763534
233 7 0.311 -6.5452805231192599 -3.112793671068403 -0.57541663961753753
234 8 0.1111 4.3540593874288946 -1.8968901315337563 12.650812842343582
235 9 0.10580000000000001 -24.370466875959139 -4.2615281622770933 9.4641686812870542
236 1 -0.33529999999999999 37.938812601284752 4.5550581461160364 -17.93928023874464
237 2 -0.22140000000000001 53.359880286648945 24.55842027909717 -5.5236549644909037
238 3 0.20300000000000001 -11.694366558706921 -18.233975446967204 9.2915839933533544
239 4 -0.53480000000000005 -16.193112855180306 -10.286983001921502 -0.30991123543136867
240 5 0.1469 2.3194815898216579 0.63690755185618486 -5.5476090018384951
241 6 0.2137 -37.462509232872179 7.0810353852689163 18.002351061755483
242 7 0.311 -31.865091503699237 -22.831576360346254 1.0157623679927719
243 8 0.1111 6.8959596721642473 14.944413739250249 -2.1394156926524266
244 9 0.10580000000000001 4.5198240103036724 4.7245729807681363 5.7874080172042417
245 1 -0.33529999999999999 -22.324330648241862 -34.124754596777947 43.766964401749618
246 2 -0.22140000000000001 16.251200084851327 1.8258138305282474 3.8738345609493017
247 3 0.20300000000000001 3.3366959443545525 4.7003239356961837 9.5577402073563569
248 4 -0.53480000000000005 30.997499098352694 15.570510790365768 -18.02468461882966
249 5 0.1469 -51.854596046622696 -3.0771078694225178 -44.399396598405836
250 6 0.2137 16.161334866872867 21.450955810268958 -7.0821592489464802
251 7 0.311 3.665381140917658 -4.3224368181209574 -6.1984976858422955
252 8 0.1111 -28.221671150238407 -13.813740066673164 -7.2770812544243517
253 9 0.10580000000000001 33.571448949869684 6.7545086942901511 18.015265786030827
254 1 -0.33529999999999999 50.866645443487272 -84.809981608623104 -5.4988993054531177
255 2 -0.22140000000000001 -21.296295128528044 33.916287644575632 3.7025871596225728
256 3 0.20300000000000001 -21.505898124624231 -4.0981228332686319 -75.798698467215956
257 4 -0.53480000000000005 9.8918881574195137 -29.212213089649463 -5.5608027292982518
258 5 0.1469 -15.155384381437553 88.400672500661031 56.371112847340108
259 6 0.2137 -15.76549416414527 4.5412579376537368 -1.3455153744367074
260 7 0.311 17.540691279814681 -15.797619399131037 3.1987175469073454
261 8 0.1111 5.4281027394622985 12.443996750149983 48.365593720766917
262 9 0.10580000000000001 -8.2366900505775007 -0.010689107911070217 -31.743180389583554
263 1 -0.33529999999999999 60.186325350859747 16.131072682041513 -8.2628799898151311
264 2 -0.22140000000000001 -27.361407356942188 6.4836259127634586 -51.529874370699417
265 3 0.20300000000000001 -24.032928616446334 -19.652679963593609 5.6448997331817043
266 4 -0.53480000000000005 2.016653620586129 22.185682686850448 -27.201406920315396
267 5 0.1469 25.194579074415664 -22.001237978166593 51.462247964560099
268 6 0.2137 -9.0970327973741103 -3.8160737324154579 16.763076097034361
269 7 0.311 -6.0970300727559765 -3.0316631009518029 16.02628781391584
270 8 0.1111 -1.6402400284816456 1.3305863610481861 -13.384868890124427
271 9 0.10580000000000001 -14.99261563562353 -7.8710829577142638 14.64472878692847
272 1 -0.33529999999999999 -22.611745474543063 14.010048252096885 -51.419155099626799
273 2 -0.22140000000000001 -21.767287141933732 2.9302156718326811 -23.118278751496749
274 3 0.20300000000000001 14.609781133195717 -3.5249421520551403 8.8351822717254507
275 4 -0.53480000000000005 -26.736843233188957 -14.050905105167294 -3.1609827447647985
276 5 0.1469 -7.311398165554686 -2.6079727134344601 55.177433251900709
277 6 0.2137 22.17561668868208 0.99103601440812727 22.424880738254963
278 7 0.311 -4.1787044980710357 -9.2753229843648395 12.249139285626638
279 8 0.1111 27.022829878351825 11.627778623677742 -3.778288788802147
280 9 0.10580000000000001 11.963388176552129 9.0821559035667718 -19.833222185109054
281 1 -0.33529999999999999 -9.6439149867700191 -5.690584893237892 -5.4366107977337439
282 2 -0.22140000000000001 67.659870075833069 -26.471690725888216 -22.310931141085707
283 3 0.20300000000000001 -42.831208493285772 -23.358282896833575 47.769146248884788
284 4 -0.53480000000000005 3.484606517174897 14.768638491849531 9.5262703165863325
285 5 0.1469 32.906436933291218 -63.704819982431609 -4.0395492535991133
286 6 0.2137 -31.777719261410819 28.262076896446828 7.5655970243279933
287 7 0.311 -20.085333781867348 4.3108574846425398 9.0681563755515349
288 8 0.1111 -1.0035805519704573 47.917542563678552 -38.22049724825149
289 9 0.10580000000000001 -4.0395900616679068 22.925649150487654 -0.42562488110294405
290 1 -0.33529999999999999 13.27451196952021 -22.700418842484769 -19.506123584802666
291 2 -0.22140000000000001 80.718462445056971 -29.881512944883259 6.7519438251799437
292 3 0.20300000000000001 -14.152643303936408 -3.8394393759256475 -45.411169702782246
293 4 -0.53480000000000005 6.0975110203050971 -7.767619675650228 18.943209745226564
294 5 0.1469 10.423042406721585 17.046850316608182 20.230312590914256
295 6 0.2137 -12.2651821979115 1.4480521240623514 -1.1377256674576868
296 7 0.311 -59.094914431098744 36.596655150747686 18.92964681769789
297 8 0.1111 -2.8421656876269163 5.8913306272167922 6.9069246492898708
298 9 0.10580000000000001 -15.592865479518464 0.48211904510387366 -11.657383555061072
299 1 -0.33529999999999999 -10.381265576934272 -3.0835643749053934 4.3519933135874904
300 2 -0.22140000000000001 22.828980975796924 2.3000962409797001 -3.0337126541459578
301 3 0.20300000000000001 -21.276909809496008 -0.38012686706833376 10.46005276123423
302 4 -0.53480000000000005 3.6049621934293645 -6.6103700879534895 8.9658073023339231
303 5 0.1469 0.27420379446296661 10.188059669832661 -29.848436156136096
304 6 0.2137 2.9368602754211683 0.91845956075563751 8.2550019204996392
305 7 0.311 -0.94683943746824051 -10.48736876086226 15.88341095881179
306 8 0.1111 -1.1519688496596578 9.2185609219245546 -19.556572375822658
307 9 0.10580000000000001 16.536514817842516 0.56235274820691528 8.7358025294267048
308 1 -0.33529999999999999 13.320745786874767 -36.384898270956235 9.8079851635335622
309 2 -0.22140000000000001 7.1003603457184088 17.863995848499915 -29.390670052053569
310 3 0.20300000000000001 -2.6709939939129934 -29.281038937771559 35.505933687405125
311 4 -0.53480000000000005 -25.790203351333048 25.913729453511099 -19.607595620135474
312 5 0.1469 -6.3498856895102351 11.33440013173114 8.435752199902236
313 6 0.2137 3.261275695107249 7.1880406921419793 8.5459837341359695
314 7 0.311 -6.6632165652466613 -1.1241496772226161 7.0215428971022673
315 8 0.1111 11.593129121905974 9.3590241053636696 -8.4090560360955369
316 9 0.10580000000000001 8.4143422586383902 -2.4862010859285637 -9.4727303933180078
317 1 -0.33529999999999999 18.744054871774086 25.355940751558826 15.372800683572283
318 2 -0.22140000000000001 -41.711843593023701 -31.262415639584184 -14.615271204346818
319 3 0.20300000000000001 56.00209571212239 72.368860409617042 16.11137796783208
320 4 -0.53480000000000005 -0.4133945645054225 -30.134592214244812 -6.3377655959563146
321 5 0.1469 41.488156470895483 -0.9603710554752698 14.628976130134806
322 6 0.2137 -30.934721216879957 -1.6363587555418548 -14.872381508314906
323 7 0.311 0.23937871195949711 25.259009707750991 3.0837375584339899
324 8 0.1111 -38.74406145072799 -47.789888532133723 -8.3806069085824255
325 9 0.10580000000000001 -7.1929372476341982 -8.5971584530907919 -3.8155889687165949
326 1 -0.33529999999999999 12.773529234771269 81.778813186010993 -30.344758077305727
327 2 -0.22140000000000001 -13.5522318576086 -30.639541032945349 13.583629518949119
328 3 0.20300000000000001 25.411021278344752 -53.233538691545647 -49.995133685713483
329 4 -0.53480000000000005 29.251758226969606 49.376226787984137 -36.862352819590349
330 5 0.1469 -35.831415451258415 -20.226701248193255 68.003670017801454
331 6 0.2137 1.1951674591207408 -26.599533018675352 30.470091485859847
332 7 0.311 -2.6376538557421134 -16.527637886415757 -11.756335194333548
333 8 0.1111 -12.85024308317206 17.397793820648197 28.017871348685787
334 9 0.10580000000000001 -7.1517931077478503 -1.1224376434469523 -10.918472353731378
335 1 -0.33529999999999999 33.070363886828176 -11.039252489016523 -18.960569882445558
336 2 -0.22140000000000001 2.5781312451752343 -0.81045599228934551 44.176233444068437
337 3 0.20300000000000001 -2.0994224435460311 19.634443159980336 -20.489760851100925
338 4 -0.53480000000000005 55.211040506556181 -47.8596009502103 -9.4695588209327735
339 5 0.1469 -66.333768326490883 50.250500440888104 19.824589424201264
340 6 0.2137 -2.0234100784453943 -14.119623503878275 6.6935316360708264
341 7 0.311 -1.3803247408335819 12.117567375914151 -11.956104403011381
342 8 0.1111 -8.3610853139311718 -7.3144047844566265 11.893583160560453
343 9 0.10580000000000001 -13.608207406576513 -0.25438731002893139 -22.790908586399389
344 1 -0.33529999999999999 -10.123226892657197 -2.4208082514108393 -33.628902787811242
345 2 -0.22140000000000001 33.29406903404621 -22.931744861698427 34.309329809184746
346 3 0.20300000000000001 -17.160912279089189 33.74210669737662 -23.989861278282138
347 4 -0.53480000000000005 -27.86760628557785 -25.149030253494697 5.3468891598519033
348 5 0.1469 38.525551575202996 33.645479144299401 8.8885673376304624
349 6 0.2137 -8.2656743975581755 11.842734873865011 -1.232522355247653
350 7 0.311 11.515749856111112 5.3722850939978457 -3.6583814622751589
351 8 0.1111 7.1154267242636742 -10.676781964926803 8.2150125979932191
352 9 0.10580000000000001 -25.034371573614177 -23.139041663205621 0.48127812254423258
353 1 -0.33529999999999999 -8.4903178557308383 -5.5648419226852326 -27.154488000443571
354 2 -0.22140000000000001 -14.849472508873696 -22.403207800106458 -11.463798936212083
355 3 0.20300000000000001 17.11796386808556 -1.7965169531350667 -14.48525698806808
356 4 -0.53480000000000005 4.7015922785021687 4.417712099214695 12.308445320095505
357 5 0.1469 -21.086488749283859 -34.5224803910207 -2.7148904388935544
358 6 0.2137 0.83798646885762884 29.423299740208886 20.376295436634944
359 7 0.311 7.9347604151631481 13.102487996291666 15.428342275154407
360 8 0.1111 1.853168916196638 -14.210154640877175 5.8398233140602445
361 9 0.10580000000000001 0.53043098117027387 21.032797161280357 7.3628172366589304
362 1 -0.33529999999999999 -47.049684968366698 -23.119383954358824 11.728584657527723
363 2 -0.22140000000000001 -9.2334552147526949 -6.9068003786301899 -34.941877804772673
364 3 0.20300000000000001 21.390028069949391 18.636401555808252 17.782912693568246
365 4 -0.53480000000000005 -19.993195537433106 -21.583710736966662 41.387727529682515
366 5 0.1469 62.181058462659593 14.066931060964949 -26.486467446693776
367 6 0.2137 4.7189986529115346 8.7325671196330799 -8.848822258540519
368 7 0.311 12.073919429013898 3.1655376609162569 12.408270074002816
369 8 0.1111 -8.1404572393110008 0.9911078679623514 -3.719634066320137
370 9 0.10580000000000001 -17.614631710113716 3.2835978481442831 -4.4300255146915442
371 1 -0.33529999999999999 14.177402139905002 -13.767231261698754 -24.955689644322298
372 2 -0.22140000000000001 -6.1372528979619334 65.03706411759218 31.383836162664238
373 3 0.20300000000000001 -24.066974651039384 5.7008559391059812 27.494111024740803
374 4 -0.53480000000000005 -0.49454006529665889 23.630714215269837 -11.087837995951126
375 5 0.1469 -6.6620817233413892 -24.736874646098194 13.999192544918911
376 6 0.2137 -7.2659783167282495 0.0084363781166548676 5.0270878415202507
377 7 0.311 13.065738384983105 -39.573807753859668 -24.437000977524676
378 8 0.1111 10.661041103523122 -22.900538552506728 -10.128572179812521
379 9 0.10580000000000001 5.8998237523204891 2.1831277047271285 -3.4364222382569363
380 1 -0.33529999999999999 -15.994976901212452 29.131348139684558 83.837971017777022
381 2 -0.22140000000000001 3.6367211103664321 -21.753244989616228 -46.334433258802896
382 3 0.20300000000000001 1.6631007252618475 2.9447589413116408 38.065032925752966
383 4 -0.53480000000000005 -6.4900554507182218 14.521226917592781 -28.637025430254084
384 5 0.1469 11.477237219813338 -21.513816587296656 -19.544616922159889
385 6 0.2137 -1.1323998568708304 -2.7676784810504635 -18.215587634024931
386 7 0.311 6.4836333724891952 1.5612630952925342 -2.5416821074272793
387 8 0.1111 -3.7769826968456335 -1.0715046340886309 -0.54961732771258098
388 9 0.10580000000000001 3.7990490004309128 -1.1409626590701947 -9.4152746979399176
389 1 -0.33529999999999999 -13.475196184959685 27.397078674497013 -78.885409556284927
390 2 -0.22140000000000001 12.3632479787398 52.41004747229308 20.666167158206019
391 3 0.20300000000000001 12.631733331539671 -13.039423778207746 -13.971040213028024
392 4 -0.53480000000000005 -9.3242070677976052 9.1717277719185972 -20.928074407350429
393 5 0.1469 6.1845681894007534 -0.6900747857648557 59.323326630828873
394 6 0.2137 10.318681393303288 1.5196664179476209 24.32970597559687
395 7 0.311 -7.662043397839378 -44.757509436563367 3.1156413938543746
396 8 0.1111 -9.4312066564572667 -17.02765187970909 1.7983893610397825
397 9 0.10580000000000001 -0.67229413595491916 -11.642052930447253 -2.6905780269024784
398 1 -0.33529999999999999 -5.5318289653667723 4.5316251138077224 1.970743135545292
399 2 -0.22140000000000001 37.016052707507377 10.020686128150972 -0.56851097654950167
400 3 0.20300000000000001 43.573035696433472 46.257653687297235 -35.913697350827398
401 4 -0.53480000000000005 -0.68266244501902817 -22.994368414776247 57.758780440314212
402 5 0.1469 -2.1943358367034866 26.632351160433963 -65.835326422755372
403 6 0.2137 -30.614193302043955 -19.456553139666358 15.238969564477344
404 7 0.311 -9.0723895107000416 -23.302080321523203 21.678531297774679
405 8 0.1111 -47.014101655451476 -17.03996941297094 -5.7217238611224293
406 9 0.10580000000000001 13.684996630296387 -11.49351365191967 15.434572665560269
407 1 -0.33529999999999999 56.634033677358815 19.194845545373312 24.690723404287859
408 2 -0.22140000000000001 -3.4976702203597796 -23.778582585756944 -6.8359335149155624
409 3 0.20300000000000001 50.010111646824441 29.358343061382971 9.3827753513106487
410 4 -0.53480000000000005 7.0018245108443926 27.808083128135966 -5.4959174839446163
411 5 0.1469 -67.328584944112151 10.520868087123784 9.8842035926684453
412 6 0.2137 -21.138154588269451 -9.9743034033939288 -16.995952262721037
413 7 0.311 -15.263272976019987 4.4111311864250906 2.4342740714817568
414 8 0.1111 -31.184219366610105 -27.795434534670513 -9.5221026066082004
415 9 0.10580000000000001 17.729446397390308 -26.493140639465558 -6.06489229978241
416 1 -0.33529999999999999 34.790862857864091 60.150479128049753 -1.0099892032168474
417 2 -0.22140000000000001 -16.591159890405049 -30.105958385541907 2.8791949099282799
418 3 0.20300000000000001 7.6587423745105649 0.74688775322807355 -2.3778773958604109
419 4 -0.53480000000000005 2.162111781543222 -12.209667931637982 16.209760964920257
420 5 0.1469 -1.190878056967561 2.4658943535467173 47.488207925946128
421 6 0.2137 -22.994767653472774 -44.075232453291314 -15.2520235512907
422 7 0.311 -5.5856494952955966 2.7615849776917036 19.891142309542914
423 8 0.1111 6.695852905671539 23.15258301146725 -32.641253018681034
424 9 0.10580000000000001 -0.14981856921141923 -3.9590120032035463 -39.629132978073869
425 1 -0.33529999999999999 -64.601978056125077 46.341856305212616 22.488330181990236
426 2 -0.22140000000000001 73.753230734384019 -39.069705011006427 10.790695080532311
427 3 0.20300000000000001 -27.134554731139957 3.4207991731170417 -13.083714689820983
428 4 -0.53480000000000005 3.6716294844580561 19.394454269127117 35.384079789099296
429 5 0.1469 19.521480290652743 -38.191498211018754 -52.729372857134848
430 6 0.2137 23.531820596885524 -16.499571835947968 -6.0007100236861755
431 7 0.311 -34.735495149510271 22.108085793821051 -2.0695544989863999
432 8 0.1111 10.368043915939898 -12.295128894189556 -12.316960260990964
433 9 0.10580000000000001 -6.7339563514212575 8.4966592169703432 23.666278593983694
434 1 -0.33529999999999999 3.3960967169150305 -6.326913503933989 -12.513437771091434
435 2 -0.22140000000000001 -0.22092484771199467 -22.677912916041112 19.035781723965837
436 3 0.20300000000000001 5.2840576884787724 -16.66435600644585 18.48321366538374
437 4 -0.53480000000000005 -13.847749719627373 -1.0745653312209078 -16.685564175660517
438 5 0.1469 27.064453014936198 14.374043009725627 30.058759901579784
439 6 0.2137 4.3670474422262275 8.6544496123262888 14.179756066751059
440 7 0.311 -1.0969146485357626 11.642323391155418 -12.470429218439897
441 8 0.1111 -5.9622822838570171 1.0874589186644925 -7.0994547504670686
442 9 0.10580000000000001 -20.972361703606001 9.0990297498429005 -27.298467465988828
443 1 -0.33529999999999999 -17.913666246530791 -3.9618764690554786 -0.79914248772064111
444 2 -0.22140000000000001 -4.9986198559452539 -20.135367553993945 -11.567513732380572
445 3 0.20300000000000001 -24.835373743742149 56.496380713479027 1.3438525599658189
446 4 -0.53480000000000005 26.105759586040602 -64.5381344590987 2.2954164350540385
447 5 0.1469 34.799836363087358 6.055862931466037 4.2206294596210103
448 6 0.2137 -15.757851409505545 16.452474090339852 -3.1366658635624485
449 7 0.311 16.497483665952593 -2.1083066237352286 2.3587187030592314
450 8 0.1111 3.2619053594179661 21.537348369603674 1.8764822422523952
451 9 0.10580000000000001 -14.186968695213473 -16.335464149601297 1.4147964253028289
452 1 -0.33529999999999999 -42.729646775487069 -13.730216930245891 -10.014448303081076
453 2 -0.22140000000000001 3.8416515030526903 19.954181310696818 6.6408981251576922
454 3 0.20300000000000001 19.887762916346261 -31.433666113072608 3.379188657632648
455 4 -0.53480000000000005 -17.309280661649119 43.808214369641767 -25.14793723133749
456 5 0.1469 34.577783483973441 -19.129179147019236 63.097178509881324
457 6 0.2137 15.896361935051491 -3.3201114980107258 -11.735691844390178
458 7 0.311 4.2789320443354626 2.0817842008523022 6.5107143873546116
459 8 0.1111 -12.004160128524726 -8.8593994629981143 -21.131789540245752
460 9 0.10580000000000001 -13.160216936499952 9.0397877271905589 -14.137754169378345
461 1 -0.33529999999999999 23.565775700665441 11.645756497808962 -23.667849615780515
462 2 -0.22140000000000001 -32.412595255706812 1.4641606107034055 11.396365559073937
463 3 0.20300000000000001 -44.757494101263354 -5.0724708722528886 1.6423861718048922
464 4 -0.53480000000000005 -3.9739870811800202 -38.586366664150994 25.699813671095953
465 5 0.1469 -8.7892199864724407 28.926534862614929 -4.5217873287482071
466 6 0.2137 6.689179595691721 12.674016963374276 -8.3153850447657582
467 7 0.311 24.417628966787575 -20.719434823601976 12.856661693635736
468 8 0.1111 24.894157122727691 20.921206749234024 -14.969125450861796
469 9 0.10580000000000001 5.943642375879433 -8.8010956113974288 -2.7120909477698576
470 1 -0.33529999999999999 20.403033976255784 -18.650889214500051 9.9349804853719359
471 2 -0.22140000000000001 1.4883977000628026 36.147563383729107 13.972541752585663
472 3 0.20300000000000001 35.156843131381486 -20.58088029218634 -5.7545564082741185
473 4 -0.53480000000000005 15.340629307289646 14.423494934969224 9.9596033107672124
474 5 0.1469 -27.106208191535128 -24.945825873607102 -1.9189783872566646
475 6 0.2137 -27.595294965850893 18.833307761121738 -4.1820619046130334
476 7 0.311 -28.828213050793511 -7.5710691950133508 -12.622313469863697
477 8 0.1111 -5.6032756705645363 -5.5364720669425465 3.1997060643061239
478 9 0.10580000000000001 13.526133282187217 7.9577171586052398 -7.374360711621093
479 1 -0.33529999999999999 17.726644795408998 -7.9562610755388068 0.99378874166397624
480 2 -0.22140000000000001 -51.162551826186238 -20.654479468033685 51.392446948120629
481 3 0.20300000000000001 12.850465773394154 25.291470518415235 -12.418178875169621
482 4 -0.53480000000000005 24.154486563414956 -15.682334965155382 -3.8068373088528191
483 5 0.1469 2.6008582155576545 -15.579464422280735 -0.99302340839477898
484 6 0.2137 -4.9256268702615991 8.3657869291282179 -12.511107725010124
485 7 0.311 5.1490408901553018 24.396352413713633 -39.667815826133385
486 8 0.1111 1.5426369304526235 0.89227130843228375 -4.8866575012571314
487 9 0.10580000000000001 -6.3961954335491278 1.4992694150653243 23.145318089386489
488 1 -0.33529999999999999 -7.1011342576472076 -25.485223632521635 9.293868911565287
489 2 -0.22140000000000001 -47.181402918001169 -16.0317419724777 -14.796242411256419
490 3 0.20300000000000001 9.6018391224856448 66.251106523225189 77.419156667433157
491 4 -0.53480000000000005 70.806233155046215 -33.53824969896209 -25.386662474482897
492 5 0.1469 -14.090162748888043 -32.088201344981556 -59.67957550213773
493 6 0.2137 11.519444772387152 11.040807113391056 7.4139576744238154
494 7 0.311 9.8992863226202026 27.923277725132781 8.652515507493538
495 8 0.1111 -24.580764375129782 -26.105659801323775 -26.691874575171767
496 9 0.10580000000000001 -4.7513100091740386 27.840795803575748 23.477730020430403
497 1 -0.33529999999999999 4.6273376904012089 -5.6778251903626886 -51.802237157800654
498 2 -0.22140000000000001 19.623222808700532 -11.13284135614127 -38.593033280965827
499 3 0.20300000000000001 -15.692165769870551 1.8992419911951597 -33.781783807104588
500 4 -0.53480000000000005 45.01197542937124 39.426708488958297 35.884862230558255
501 5 0.1469 -33.483935888251345 -17.886524644885082 -27.132170131456718
502 6 0.2137 -6.3723339752081616 3.7715905431579264 26.396682238251913
503 7 0.311 -17.675137550311479 -0.48139351152967763 48.152963694710145
504 8 0.1111 -9.450978190292572 -8.7382222415157926 -5.6384099762463435
505 9 0.10580000000000001 16.696293834411737 -3.7590630578759821 46.100375070303699
506 1 -0.33529999999999999 -2.3526674520239914 0.48068588199718532 9.8754756708458782
507 2 -0.22140000000000001 -17.084506914983866 32.596389985989973 -7.6165560098160752
508 3 0.20300000000000001 -25.02195221194971 8.3497324735826304 -30.512633932105111
509 4 -0.53480000000000005 10.854938051132036 -4.0252549599906509 9.499097190751149
510 5 0.1469 3.9050534848754657 -31.762813330923365 26.244683793164619
511 6 0.2137 0.62717531561400519 3.7998239211275906 -16.095818006390708
512 7 0.311 -0.48654853504505174 -6.1941308946278557 20.097068672704449
513 8 0.1111 11.012312863461425 -1.0714219740864546 -0.21389424881882491
514 9 0.10580000000000001 16.506280841357626 -3.7603867511939546 -6.8305657702762623
515 1 -0.33529999999999999 23.962457384433424 -78.382366206704518 -17.312972493312571
516 2 -0.22140000000000001 13.18891436270177 55.233985075962387 15.656786318820808
517 3 0.20300000000000001 -37.215112232266364 3.6190273938689606 18.219267406199886
518 4 -0.53480000000000005 46.924382690555255 -40.225030771070649 -16.21530550014624
519 5 0.1469 -60.048117630247795 63.968598398770993 15.233202009344657
520 6 0.2137 -23.681733074993524 31.822653205933648 -0.18422267654661043
521 7 0.311 -5.6215314999807013 -32.380206847854673 -19.869270027017539
522 8 0.1111 19.836907778634462 -3.1043643905661464 -5.9893944529649037
523 9 0.10580000000000001 25.575153780523955 2.4986920294827559 13.914985540972893
524 1 -0.33529999999999999 -39.152603685195444 2.6867877864700618 -6.4826030289942462
525 2 -0.22140000000000001 45.634750258120732 -24.130480648109415 42.367717932354658
526 3 0.20300000000000001 -1.6957223913519679 7.7213849755750896 -53.395547484450148
527 4 -0.53480000000000005 -21.928173036447998 -6.7803484275339239 3.9197668245270232
528 5 0.1469 18.491485928591882 9.0771648084452234 29.393288455400857
529 6 0.2137 10.922001180795545 4.5628518493587062 -10.571630308738454
530 7 0.311 -41.846800897094468 10.625598552541236 -14.929667150393543
531 8 0.1111 8.8885326611781768 4.4437838224269166 24.736917470988942
532 9 0.10580000000000001 28.19107419995257 -8.3080872279455384 -22.241256222839194
533 1 -0.33529999999999999 28.996744868420684 -15.735414460541325 -55.525992706101398
534 2 -0.22140000000000001 24.44738176993128 0.89593052233425141 0.48940687221538032
535 3 0.20300000000000001 1.7869339782567983 3.7117703953749253 -23.092301449395478
536 4 -0.53480000000000005 -14.411827388969144 -13.149247638572115 4.171321151092716
537 5 0.1469 -27.093500961937441 10.05930598647927 28.038427175483815
538 6 0.2137 -4.7808589387752942 31.456413661695812 3.7714764794141757
539 7 0.311 -19.09134994325489 -4.5838377287541334 10.82673810994724
540 8 0.1111 -1.9605179233423433 5.981854605139814 16.396915609117467
541 9 0.10580000000000001 11.496319819736767 -27.135212427499091 11.872742542352038
542 1 -0.33529999999999999 15.918850360378315 -2.6940280892031461 -6.4541194747552968
543 2 -0.22140000000000001 -6.2339127959770977 1.3542146101020529 -11.63708799453312
544 3 0.20300000000000001 19.720231514781922 -6.2867529717464503 31.906851683924057
545 4 -0.53480000000000005 -10.083956780484002 22.018941095366269 4.9762598968847822
546 5 0.1469 -41.265744493097088 22.367364542491018 3.845667972400153
547 6 0.2137 -20.645272532445784 7.4558596741189342 -8.3152371675078314
548 7 0.311 1.5190329815799215 -4.0162951571253211 -20.925156358044216
549 8 0.1111 -4.4076246100019745 -1.5007164110957574 3.4489570928337829
550 9 0.10580000000000001 44.357891365510085 -34.802943211167523 4.9652743445635412
551 1 -0.33529999999999999 85.92698240568258 2.5130542218016525 70.942284550136662
552 2 -0.22140000000000001 -73.248940017209407 -4.416765363201189 -49.617157425536668
553 3 0.20300000000000001 33.220520765890427 10.606407360676403 -8.625806383747376
554 4 -0.53480000000000005 26.219139294871301 -3.5299327489382066 46.361645173121062
555 5 0.1469 -59.51561962722851 -3.8460229283532912 -51.032814062961876
556 6 0.2137 -10.566647528070732 -1.3950974135752385 -7.9749745038829003
557 7 0.311 -9.7313064203076216 -0.41608800801672458 1.25986357159859
558 8 0.1111 -16.704733162722942 -0.98047157966981713 -17.162625900483764
559 9 0.10580000000000001 22.423365435594828 -1.3143771246833733 9.8652101890366186
560 1 -0.33529999999999999 -21.874302102354967 1.9427098504927249 -12.240338661027989
561 2 -0.22140000000000001 17.05869117025464 -9.6125885040269132 91.976389486888124
562 3 0.20300000000000001 -7.0814122305585663 -3.8088386225172854 -18.590590001429401
563 4 -0.53480000000000005 -19.521876579982909 16.799514868575837 -18.917991859461928
564 5 0.1469 49.781923193192419 -48.977642247454867 -6.14116923320681
565 6 0.2137 -14.048165430448215 31.457494170182699 -4.5411951285309504
566 7 0.311 -1.1727924300054686 2.9042856961421157 -16.158473559976571
567 8 0.1111 -5.228127012903184 17.966001960526764 -1.3087111849658994
568 9 0.10580000000000001 7.100183596884996 -9.7733160120830416 -16.150235245545023
569 1 -0.33529999999999999 -14.871275882390274 -24.593046219775509 -4.3153867273505471
570 2 -0.22140000000000001 1.5196424276227649 7.2787474693012575 17.589054456524327
571 3 0.20300000000000001 15.13539856886357 -18.038017852124945 -15.712249371041562
572 4 -0.53480000000000005 -17.008237919275718 -14.029841725007456 22.118335504402065
573 5 0.1469 7.9201298797742181 39.352937511914583 7.286016885725056
574 6 0.2137 9.6389317867580928 33.430849215629969 8.4753094000284932
575 7 0.311 9.5014633822863139 -11.976906057850183 -23.209376052823806
576 8 0.1111 -5.3895141975904695 5.1929578362540187 -3.021454889798675
577 9 0.10580000000000001 -4.1751041513305305 -23.599757403110821 4.9619162850882255
578 1 -0.33529999999999999 11.365669711991796 -5.3718203232653527 -7.5515609288375769
579 2 -0.22140000000000001 -9.2928828984718646 24.984543076903883 24.312689591756193
580 3 0.20300000000000001 -19.46307199046586 5.4772126924405482 21.251956209801474
581 4 -0.53480000000000005 20.855866034056536 -27.767353431701178 -12.873288825017712
582 5 0.1469 -17.142948463072436 44.327523108924488 -21.186227712724556
583 6 0.2137 -2.7922006980449141 -4.1371409994932113 20.89819376989837
584 7 0.311 -7.4551827102735109 9.281324004541057 -22.222207851245841
585 8 0.1111 19.542093322868702 -19.826426102728337 -4.8041323806696505
586 9 0.10580000000000001 15.470480941062936 -26.79334106151401 3.601425348707485
587 1 -0.33529999999999999 -0.73244082865132831 -25.468161690936789 37.866440907916285
588 2 -0.22140000000000001 -23.870111151683052 5.3393620400380346 -18.407232470193936
589 3 0.20300000000000001 27.14848592558651 -14.266394533585007 31.633358089711209
590 4 -0.53480000000000005 -4.5668144989671138 -1.1101470922483065 7.260998608857518
591 5 0.1469 11.076076666091152 12.492157757897923 -45.061484883168816
592 6 0.2137 -3.1740321397328275 -4.4137526974249628 -22.780799951137553
593 7 0.311 6.4923635908698021 2.7273870821288009 2.6123935601378201
594 8 0.1111 1.543135044223604 12.664945375927184 1.4371865068349501
595 9 0.10580000000000001 1.0889050678202916 2.0305896646556745 9.9364456564508501
596 1 -0.33529999999999999 -16.362363726909166 -13.770584159209166 14.362119915282864
597 2 -0.22140000000000001 29.920853118519798 51.227228207397353 -36.972553570119302
598 3 0.20300000000000001 6.6655047529102829 48.375192777681477 116.17800276946919
599 4 -0.53480000000000005 20.152655550764894 27.424057129465549 -60.682968739801474
600 5 0.1469 -16.448395957620939 -44.98984870976853 -36.852323270713832
601 6 0.2137 -8.578339913395352 -4.2365248815764254 15.235806315326524
602 7 0.311 4.2041712247623462 -12.615809835411623 -8.1626724007479154
603 8 0.1111 -17.968210700745431 -47.154028884763235 -35.825571046818965
604 9 0.10580000000000001 -5.5248910603966612 -9.3640917102759129 32.115204685281512
605 1 -0.33529999999999999 -8.9521831557646383 -25.773248957221416 15.691809772180836
606 2 -0.22140000000000001 -46.08994251306904 11.644044934564205 -26.966607321302824
607 3 0.20300000000000001 46.228026931951497 -12.860723639268567 53.732363627511077
608 4 -0.53480000000000005 -25.832505110475331 21.143616707658929 -43.671892536940014
609 5 0.1469 36.565383412347316 -11.618247673669426 12.910089079895084
610 6 0.2137 0.99310156031625674 20.10636910428433 -29.457203747691882
611 7 0.311 14.13779197940187 9.5711900344465715 23.836046221241912
612 8 0.1111 -8.6967196057762806 11.354044714561789 -10.601120424395107
613 9 0.10580000000000001 -9.625394881782789 -22.901291112751846 3.7349730295427275
614 1 -0.33529999999999999 7.8696413378829337 0.10270624398182007 8.9984870262459395
615 2 -0.22140000000000001 4.6802181925160058 5.3423388446155586 44.331493722864572
616 3 0.20300000000000001 -13.380209858835808 -20.657842972039912 -49.931334758968049
617 4 -0.53480000000000005 19.673115950072983 -28.850971476486396 15.090287631815121
618 5 0.1469 2.0047931858822938 -14.859246837940796 -8.6156699330483342
619 6 0.2137 4.6212157729126968 -8.0617910319515218 -17.509209094729719
620 7 0.311 -6.7967968488808577 23.353156068883877 -15.443545736628362
621 8 0.1111 1.9994781223438223 14.523035762659413 6.6394864881673197
622 9 0.10580000000000001 -17.460159666222623 35.112910301434731 14.074530909522315
623 1 -0.33529999999999999 -4.2249921009748288 -0.87679962596088168 -24.685307543956153
624 2 -0.22140000000000001 -3.3438606075840771 -19.155044118144168 -26.658048280577933
625 3 0.20300000000000001 -2.4049753069810023 23.138714058852212 30.686851786358094
626 4 -0.53480000000000005 -17.375392578720753 -30.038245921676385 -29.233492878045077
627 5 0.1469 16.898052612210364 22.274203642543824 -17.136022957580561
628 6 0.2137 1.8573857925974284 6.0029192566062095 0.62672653393294908
629 7 0.311 0.52803750259664661 -2.8308170276558782 27.42253578958443
630 8 0.1111 9.301445599534393 6.8904834187073263 -1.302032249072677
631 9 0.10580000000000001 -0.47508072083668795 -4.9884297418361543 44.300221989796327
632 1 -0.33529999999999999 -28.268687169312606 9.1507663029831861 15.574100449008776
633 2 -0.22140000000000001 -6.9603994675648009 -10.032488766358771 19.699003475142774
634 3 0.20300000000000001 12.262690277714899 -11.425508299404171 -31.116505865750646
635 4 -0.53480000000000005 3.06921549609274 33.328961657997077 5.5800931979464536
636 5 0.1469 18.709183858701962 -41.160317374838385 -16.384036520206458
637 6 0.2137 14.339869975521271 -17.15464659916374 -10.085138344670488
638 7 0.311 -2.9475289894357362 6.8012472094396781 -29.804624309140287
639 8 0.1111 -6.1260701750515967 16.953409891798941 22.138116198104477
640 9 0.10580000000000001 -8.9121319178275726 9.7488152524295426 20.785403792199624
641 1 -0.33529999999999999 -17.159769484755863 -61.133655764343217 2.9238213438144212
642 2 -0.22140000000000001 48.439675553045078 35.74544185220892 69.976095629856204
643 3 0.20300000000000001 -13.957062715655583 -1.8995504134827028 -16.153286068905327
644 4 -0.53480000000000005 -9.1592039551101294 -25.216810071460589 -72.331417166981964
645 5 0.1469 17.688845888508819 78.395666037514928 40.447336024606152
646 6 0.2137 -11.977292193646695 1.7526288506111143 -19.926599278382483
647 7 0.311 -1.8096168981691754 -5.3371098978486193 6.8910254636058603
648 8 0.1111 -10.360011381385462 3.5178175095662643 -11.675643210441912
649 9 0.10580000000000001 -8.7383387729370146 -11.103171712592488 2.4071379575489145
650 1 -0.33529999999999999 12.105721856404211 -22.511913110402102 -13.661489590225189
651 2 -0.22140000000000001 -37.05063952824981 31.238873128246645 13.011905103631607
652 3 0.20300000000000001 19.505827159715849 -42.377943760365298 22.012110470820932
653 4 -0.53480000000000005 -1.579216875017466 12.848794445142866 -17.465559669143811
654 5 0.1469 -17.637274267845726 -8.3612726299947067 21.502837637357572
655 6 0.2137 -7.069857153261867 15.644532335219777 1.6539834608285389
656 7 0.311 4.4045300909304688 6.9783775459820969 -23.288834949865393
657 8 0.1111 18.350648180337085 -0.13282918974584557 -10.475004306698894
658 9 0.10580000000000001 15.995125291717489 -2.3933130916469305 -5.0220494668585154
659 1 -0.33529999999999999 -23.821053203401259 22.454811820682092 3.7949701935156015
660 2 -0.22140000000000001 8.0569550668017094 -22.120973681571314 28.080991657462647
661 3 0.20300000000000001 7.7196077253498814 30.413324555393316 -27.974811388029536
662 4 -0.53480000000000005 9.0893432639127187 -39.469551221913285 18.779302022241822
663 5 0.1469 -39.977587923785954 50.915753912610583 -73.630849692660959
664 6 0.2137 -2.2230110971496315 -2.7299967192997872 1.8537542121483925
665 7 0.311 -5.7326079176609896 -0.72432423276226809 3.6252807919281338
666 8 0.1111 1.6810773306856597 -6.4559307790620739 13.32239966100836
667 9 0.10580000000000001 42.82823044018776 -33.760289386820453 35.259637111699334
668 1 -0.33529999999999999 15.179205711069807 54.715561695760769 -63.402086758388421
669 2 -0.22140000000000001 7.3524736472639667 -22.655657302240737 28.818668478739323
670 3 0.20300000000000001 -13.825672249368106 -14.188599835418957 32.481690689066831
671 4 -0.53480000000000005 -0.080747851515512156 4.7807963299605598 -7.8484789847009742
672 5 0.1469 -5.7388234861905829 -6.2175573185119699 -1.8947730030427572
673 6 0.2137 -32.501908799292586 -13.964188104788843 46.354858521763589
674 7 0.311 3.7603372642932427 -14.778986314632736 -8.6063954756077372
675 8 0.1111 19.915401178379263 11.363115748488497 -27.939257760785047
676 9 0.10580000000000001 8.4214400199167034 -4.7319754439083965 2.8880267005552165
677 1 -0.33529999999999999 39.68257462225472 27.902339688800865 6.5752122900575607
678 2 -0.22140000000000001 -7.3390643541101275 -4.6576586778437434 7.0311509785941952
679 3 0.20300000000000001 19.469391920191903 1.8327360230114267 -10.120118691916939
680 4 -0.53480000000000005 -29.563199818359418 8.4246100883231669 18.59738100744465
681 5 0.1469 15.582077718729042 -23.244106803342227 -20.110640991890048
682 6 0.2137 -24.91478209677512 -17.393803432242425 -4.979847426231844
683 7 0.311 -5.4905639571011955 9.0840358099204241 7.0566468981036152
684 8 0.1111 -7.1743953061700756 2.3920200586114455 -2.0328210024295146
685 9 0.10580000000000001 -4.1398164517805389 -1.5204772766885049 3.1973397671986188
686 1 -0.33529999999999999 19.722966987566494 37.993802481870404 46.544020592250099
687 2 -0.22140000000000001 -30.683591154025311 23.04203414168154 -1.8140233551057516
688 3 0.20300000000000001 -14.947148829632315 -26.255333894093717 -53.843052355011373
689 4 -0.53480000000000005 45.28591378494577 -6.2059708744578277 26.594658235386273
690 5 0.1469 -28.320619212612566 5.1545637325142524 -0.57304016893018295
691 6 0.2137 3.269034350254246 -33.321624279940664 -27.811599776377225
692 7 0.311 -3.2031977880465363 -3.9318966495143286 -1.7953528081831915
693 8 0.1111 -16.352270367190432 8.9254149689559643 -5.9317949630713311
694 9 0.10580000000000001 25.524261745301061 -1.5532331721411345 13.296256593529854
695 1 -0.33529999999999999 9.5818777980292325 33.240616452503374 -5.5840219148711423
696 2 -0.22140000000000001 -9.298621193058306 -37.852419661230584 19.671257576731939
697 3 0.20300000000000001 -11.937288253932799 22.929489672410075 -59.22675166474972
698 4 -0.53480000000000005 3.7275066729379387 24.674335306012388 17.064719032526703
699 5 0.1469 10.870804350614545 -62.337386957873406 14.201371353317393
700 6 0.2137 -0.3295574858371848 12.75602958093859 3.6940124526602309
701 7 0.311 2.7089355467832794 7.7972042599128555 -9.883460698470488
702 8 0.1111 16.660925565379124 -39.035635609181632 41.647916935014031
703 9 0.10580000000000001 -14.263496839668008 34.223994866011836 -23.378961384629239
704 1 -0.33529999999999999 22.417601701733783 21.611339941592998 -33.503714884574286
705 2 -0.22140000000000001 -18.007104115521273 -32.409942861852819 38.365808208416389
706 3 0.20300000000000001 -27.679433903385288 -7.3194813568833101 36.184974219265335
707 4 -0.53480000000000005 29.788051574323301 16.222882548249348 -53.730387914065496
708 5 0.1469 -23.862369948907816 -18.33881538114429 -3.6509852133770218
709 6 0.2137 -11.065257160187695 9.6537874073043231 20.912864786835136
710 7 0.311 20.793747685213042 11.475438954588055 -40.973073199133083
711 8 0.1111 1.1351441871020163 2.2177349448326562 8.2177821857786011
712 9 0.10580000000000001 8.554386974703533 3.492636263078726 24.192361310243673
713 1 -0.33529999999999999 -30.058782250749939 -16.588308138006077 -2.199872094887958
714 2 -0.22140000000000001 -33.24934594883144 -13.261024927967147 2.3795520877253726
715 3 0.20300000000000001 -32.342496702952815 3.1382540511624453 21.197530289417198
716 4 -0.53480000000000005 15.454519040811418 -9.1211676259862688 -33.361300059795937
717 5 0.1469 74.061593387732501 35.321220767522924 2.7436858199296976
718 6 0.2137 6.8492864579738901 15.753042198791992 5.8378009771075225
719 7 0.311 18.608170020320944 5.8045967304088943 -11.079353372523739
720 8 0.1111 14.038054141015115 5.9309652178438608 2.9095478557038303
721 9 0.10580000000000001 -25.403976408599974 -11.146717213602603 -2.4495348658255915
722 1 -0.33529999999999999 2.2168692689116676 -35.817247121554644 1.242870669727081
723 2 -0.22140000000000001 -8.8948301770057707 15.99709291533771 4.8825041773916462
724 3 0.20300000000000001 37.720988389755021 -10.90389127419904 -70.574939290717808
725 4 -0.53480000000000005 23.312651703294282 23.567060781576338 24.788320351506378
726 5 0.1469 -69.420653788193647 -3.2381895701136374 23.59058843183232
727 6 0.2137 12.827566985635045 4.7604619488397226 -6.2903371314542831
728 7 0.311 -3.957278456946614 18.782290281830669 31.483109262658047
729 8 0.1111 -13.459374601773847 -8.2161654436948233 16.796605491812116
730 9 0.10580000000000001 17.115556455161151 -18.761815331954395 -44.787891537027669
731 1 -0.33529999999999999 25.742529078225459 -0.83897785714558626 -16.378396485013091
732 2 -0.22140000000000001 -57.026487853725349 21.670769303691518 -12.998847322379145
733 3 0.20300000000000001 17.30911548315208 -18.34249414403261 14.266103174127512
734 4 -0.53480000000000005 5.7877386952832532 16.461848108965128 -56.44911918215476
735 5 0.1469 -55.536487406656505 15.512249048752647 -6.7842587440138491
736 6 0.2137 13.484528307033532 -6.9418321633646105 5.5349963152902699
737 7 0.311 49.894805531264133 -15.684710445979881 12.597611724252221
738 8 0.1111 -16.017772350694841 -2.5508563759443779 32.697259586593553
739 9 0.10580000000000001 9.6921916631856586 -5.1133983691160187 20.279094011366013
740 1 -0.33529999999999999 -29.788578279086234 35.09169957509819 -46.813107983722304
741 2 -0.22140000000000001 -28.483000919909124 -21.542835770590958 -25.220867986021297
742 3 0.20300000000000001 5.3245313550617235 -22.484270701724267 6.6148002321383546
743 4 -0.53480000000000005 1.2781717173056706 -50.75651640942862 17.674937341727546
744 5 0.1469 20.327933084469453 57.156502402868874 25.477328197977908
745 6 0.2137 11.060968799928483 19.149287119611849 -2.0298222161633301
746 7 0.311 15.4253056423091 -12.472070830493177 18.681503829770765
747 8 0.1111 2.5913831157048399 8.8023451747071384 13.223187701245413
748 9 0.10580000000000001 1.5575803180722454 -18.028651638100051 -5.0430883708342353
749 1 -0.33529999999999999 20.99708992591524 -4.4959219304270484 37.211789129539937
750 2 -0.22140000000000001 5.1000205175862661 16.338607483146056 -13.89781557411119
751 3 0.20300000000000001 18.167063659380634 14.355630009784793 -69.395879883123328
752 4 -0.53480000000000005 -30.519123680172278 -19.251369872466544 55.379355038792504
753 5 0.1469 -5.0695097432448275 10.364901835729633 5.274880479923401
754 6 0.2137 -10.36605913862317 -1.8690984474314249 -32.281490253242893
755 7 0.311 -4.6537481944924801 -8.6200434856026575 17.970291994755534
756 8 0.1111 7.6076776997612496 -2.4140304169597537 -4.8706539132929834
757 9 0.10580000000000001 -1.5970636329067958 -7.8396752035444672 12.825231066392885
758 1 -0.33529999999999999 -34.460887560675289 5.3864559500549927 -31.925931090596571
759 2 -0.22140000000000001 -31.499552732636854 -29.517799542344015 -28.288296449552004
760 3 0.20300000000000001 86.068466794185696 -40.966566463807126 52.629978559032899
761 4 -0.53480000000000005 -35.838016158127779 -7.5158938907767823 -16.517514488453649
762 5 0.1469 31.117037567272583 -39.634582587867882 19.457377006627787
763 6 0.2137 4.045616205290071 -2.8495830346740538 16.25281982432093
764 7 0.311 -12.18521136938565 32.834325411022839 -4.4333885211256074
765 8 0.1111 -12.458141354619693 38.374273577370694 -5.2791715905697689
766 9 0.10580000000000001 8.7687484056275036 54.535513132180611 5.6225923279694943
767 1 -0.33529999999999999 12.842356713922676 -14.753564481591226 -32.623777538836393
768 2 -0.22140000000000001 47.860723910384849 10.771278368658029 -18.875241085617301
769 3 0.20300000000000001 -2.6274173169669863 -26.009058215293276 -11.159907156746268
770 4 -0.53480000000000005 -17.246012736896738 -24.130152741581345 -0.61380855094801101
771 5 0.1469 5.2207856331866216 58.812826067705466 37.631397674882223
772 6 0.2137 9.8393353428423751 -9.8823906526621332 12.555397221194498
773 7 0.311 -50.214666330697803 21.721333805482722 17.782922693165801
774 8 0.1111 2.540355287076026 2.4554373392203837 10.844693828785765
775 9 0.10580000000000001 -6.2109051411052567 -25.919425594916842 -16.042374196350607
776 1 -0.33529999999999999 38.4969748128199 0.68760218414592811 46.998769613502816
777 2 -0.22140000000000001 -11.307321316857806 -19.350629986327078 -25.168268982583342
778 3 0.20300000000000001 -26.437966220165279 93.171572393180327 -39.916753915580891
779 4 -0.53480000000000005 52.909917351370638 -1.6326344417647571 44.9368113196008
780 5 0.1469 -43.98344795198485 -17.252284208146776 -69.82196862958159
781 6 0.2137 -22.042315620905033 14.045852013500616 -30.635794101113476
782 7 0.311 7.3964938709955144 -2.7073365409201795 14.204363916030683
783 8 0.1111 12.052748059428479 -29.641182781893548 20.755156432296335
784 9 0.10580000000000001 9.829414110244274 -26.244915510569335 31.83585466867633
785 1 -0.33529999999999999 1.3940120470176853 -16.226933137458794 -19.007098892478581
786 2 -0.22140000000000001 -0.20968862920284612 22.566922369029339 17.126677789752478
787 3 0.20300000000000001 -2.2873457634507743 -1.7660138909225382 -19.034615786202853
788 4 -0.53480000000000005 4.0607875498104882 26.252382569327199 28.517151183764685
789 5 0.1469 -26.692848176525693 3.4974448937490479 35.845488431095511
790 6 0.2137 30.065473060897379 7.4923741234164245 0.022619575241314319
791 7 0.311 10.447326239032437 -23.201520684628196 -21.385225639825176
792 8 0.1111 -0.92983184922551043 -3.1907467787883186 9.2581520688665275
793 9 0.10580000000000001 -20.007006998251981 -28.810245218668332 -28.739916862365153
794 1 -0.33529999999999999 53.576910337166943 49.946701597787474 2.8945998021201316
795 2 -0.22140000000000001 -40.153850439763481 -2.4893985253305377 21.433163813591342
796 3 0.20300000000000001 49.798021122435493 58.507624390229971 -15.390558973891094
797 4 -0.53480000000000005 21.412831007785432 0.84899534506113727 9.6659248939705336
798 5 0.1469 -56.349543112031967 -39.541216212528859 -57.307303746221621
799 6 0.2137 -14.909739955848488 -1.3972204202629952 7.3066935527736474
800 7 0.311 14.511504747853854 -17.144742490658359 -10.734202798834893
801 8 0.1111 -20.795357290089044 -25.765872015675807 4.2661955941285523
802 9 0.10580000000000001 -14.2589866264634 -24.736144412428892 38.506988664789787
803 1 -0.33529999999999999 48.080179395788591 -21.691553234211217 28.958625825817311
804 2 -0.22140000000000001 -44.383322419174156 45.117972281921446 -30.122668337379576
805 3 0.20300000000000001 24.662789834823421 -14.422749539531633 34.683266298738516
806 4 -0.53480000000000005 5.0952265009086206 -33.246854254293098 -13.457051168864572
807 5 0.1469 -2.0197241127298362 36.783938007628095 -6.5751890104769526
808 6 0.2137 -17.224413019450829 2.8289331476211608 -20.478760512211192
809 7 0.311 15.548839314528939 -9.8630367969152442 6.0838785157154138
810 8 0.1111 -14.398641542865205 22.737757887189076 -10.555736686070084
811 9 0.10580000000000001 -10.637883614367354 -16.651670102081585 9.8283748278790206
812 1 -0.33529999999999999 -22.739897913750802 -21.67960490010379 -64.909100258693172
813 2 -0.22140000000000001 -36.737366696591188 -24.566281960362442 -2.1363932924772149
814 3 0.20300000000000001 6.299386904790814 -23.645730219608083 -6.5534407363499216
815 4 -0.53480000000000005 11.559634591498384 -26.240425307569442 64.064989142011754
816 5 0.1469 -9.6108616989553202 90.74946925795966 -57.563079302529239
817 6 0.2137 23.322187488473212 18.475783969573079 40.443896612817156
818 7 0.311 9.6491333139434037 -9.1434952636310456 18.058188089331729
819 8 0.1111 -1.6754150065119011 6.6138682323506188 5.6933098578260308
820 9 0.10580000000000001 12.657302085105485 -16.962529922384977 9.1187065900080366
821 1 -0.33529999999999999 14.302319863450649 -1.2925640414493025 11.221902448381959
822 2 -0.22140000000000001 -9.8974304680751395 10.337025793877206 26.01439564678126
823 3 0.20300000000000001 -39.270885805845211 -15.686936601582479 -14.469768752286788
824 4 -0.53480000000000005 -2.8015434632824121 20.693045878477491 2.3549884724685413
825 5 0.1469 16.041029348392264 -13.13319991126823 5.1463899013072059
826 6 0.2137 -8.448925309121547 6.7862993821500357 -18.3555912172855
827 7 0.311 34.380742910992083 -1.4988718258287876 -15.342107043543452
828 8 0.1111 13.403051372456183 0.47616136715445012 4.745348239794998
829 9 0.10580000000000001 -24.934872047842621 -2.7867594005968628 7.8057523555398092
830 1 -0.33529999999999999 -11.33398999767576 -74.174115240169485 -0.5615944405794655
831 2 -0.22140000000000001 -11.119124347137509 55.743832243272898 9.8870699441632155
832 3 0.20300000000000001 10.474656415526558 -12.694478975338118 26.286968013440308
833 4 -0.53480000000000005 0.90654436586346487 27.060070517716003 -61.562782814454089
834 5 0.1469 15.397768701370817 -30.35065801500734 34.549586378515215
835 6 0.2137 19.682811096151877 48.800309341595799 -31.482322357227552
836 7 0.311 -4.5604399693030837 -8.7435085628312148 7.7519889670592166
837 8 0.1111 -3.9926540387803553 -10.237288632755126 -1.3418356883797231
838 9 0.10580000000000001 -10.750318514294056 14.087876234270954 8.6787505383407915
839 1 -0.33529999999999999 3.189007108455411 2.3603294755155506 33.813609024159398
840 2 -0.22140000000000001 -5.9123086327803609 -37.314095350427955 -48.025267628369562
841 3 0.20300000000000001 -11.767961239369853 -1.1027459908793484 -26.610417143063064
842 4 -0.53480000000000005 0.53928618795267924 -18.028311132579589 20.131621696113612
843 5 0.1469 20.609970774536244 40.417369042430046 -14.392644915497554
844 6 0.2137 -18.816248132296597 6.8476449583842856 -21.210963524704436
845 7 0.311 18.405300095591219 23.258724578701191 53.699671870556863
846 8 0.1111 1.2248511532327475 0.47820389136797969 0.66030700857999203
847 9 0.10580000000000001 -4.9059146110950396 -8.9208024868978839 -0.25270056865084178
848 1 -0.33529999999999999 -17.621942663747671 -14.827917943974743 -12.387874192354529
849 2 -0.22140000000000001 -29.091794646771341 -0.81898308172036394 30.123414189368827
850 3 0.20300000000000001 12.837041723129186 0.55421259170449289 -13.245651818714416
851 4 -0.53480000000000005 -44.47324381090116 -0.77682222260856415 -0.77009244812209632
852 5 0.1469 9.3249229821003681 -0.99807488873194394 14.528250415418562
853 6 0.2137 24.246938667315451 12.320076144630237 -12.988400441370253
854 7 0.311 13.613475693821568 6.2668071652039252 -25.468344332534382
855 8 0.1111 2.656003289949203 2.4023700847231737 3.3486154713652549
856 9 0.10580000000000001 27.244856666756696 -8.1426962415071031 14.207186927605965
857 1 -0.33529999999999999 -1.5698478385844452 58.003254145180946 -7.2614308899576789
858 2 -0.22140000000000001 13.218563275170007 2.1737702977597833 -19.598448918194578
859 3 0.20300000000000001 34.450483277095579 -17.355296692097209 -44.366658637738674
860 4 -0.53480000000000005 -20.380566905787738 -32.644255715838462 17.986674208254165
861 5 0.1469 -2.4913473460176294 -27.302780563480173 11.693959177085064
862 6 0.2137 2.9611691816088124 -13.195502371694493 9.5538194981887337
863 7 0.311 -7.140396171615067 10.67799459592689 7.872836585959659
864 8 0.1111 -6.778662779502282 24.63824076864044 18.204819881231124
865 9 0.10580000000000001 -5.0123224046691437 2.359299862591353 4.3292254230803087
866 1 -0.33529999999999999 22.789634372751756 23.339734643309622 6.5243854723063581
867 2 -0.22140000000000001 7.4654015712138388 -27.721032586110784 34.749361442313983
868 3 0.20300000000000001 -7.8776153863572045 -0.28592567276066072 -19.293398601917588
869 4 -0.53480000000000005 -4.5514473725423752 34.878754615843476 -17.728043530295814
870 5 0.1469 27.582586640810312 -26.164051712035342 5.895522281428434
871 6 0.2137 -11.44168571651187 -19.643485324293682 1.358597033903026
872 7 0.311 -4.7986762924674675 29.395549974353834 -19.093838888292442
873 8 0.1111 1.6620030442740341 -6.5154988846799728 17.178651012805322
874 9 0.10580000000000001 -29.389308392153893 -8.7017147820273824 -4.8998034301128328
875 1 -0.33529999999999999 40.457041208844444 -8.0113381334449709 -15.722994930616606
876 2 -0.22140000000000001 -33.004276501785164 11.490244493752353 -2.0481647625349115
877 3 0.20300000000000001 40.005165357501845 17.590747032262644 28.389869168886914
878 4 -0.53480000000000005 10.606536396830133 -22.437688497718696 -18.952692470671622
879 5 0.1469 -29.803310993317695 46.075931651039419 38.563423941024524
880 6 0.2137 -28.522380587231815 -17.453811915831864 -8.8040986239432684
881 7 0.311 -6.1816396089970249 -5.4620406567801574 -5.754437341043416
882 8 0.1111 -15.660292815112834 -8.1382438337599599 -3.1135395274268678
883 9 0.10580000000000001 21.461724627114279 -22.68505958363475 -9.6980333773785024
884 1 -0.33529999999999999 -28.487139784133479 23.502130314212021 15.004534199976547
885 2 -0.22140000000000001 -16.989570996633212 51.873685793535358 -48.346041877483856
886 3 0.20300000000000001 47.981401226132014 -82.886345555587738 4.1831200716135228
887 4 -0.53480000000000005 3.5781133622958903 5.7129129186046672 35.271499848557937
888 5 0.1469 -14.799487528137238 26.856818556186106 0.08651509593965645
889 6 0.2137 18.54684584799891 -25.726362890507787 4.7780192211369501
890 7 0.311 -6.5962225875417912 -2.0683033562154165 6.059413141971862
891 8 0.1111 -2.0614983495624872 12.888655117924911 -5.3444022389993044
892 9 0.10580000000000001 -11.66609044093264 -4.1853770462657804 -11.449443687879727
893 1 -0.33529999999999999 -4.3106447995117678 -19.237217073492765 -13.251103108032282
894 2 -0.22140000000000001 -7.5402239358645033 -14.803548630501501 -17.390116355366089
895 3 0.20300000000000001 -21.599793518462043 -52.797300346339519 -18.207619288788706
896 4 -0.53480000000000005 -13.256758084908132 43.442243571539819 25.46932793334199
897 5 0.1469 -17.805237243429183 17.553196884292984 7.2109346524535791
898 6 0.2137 24.422824333734706 6.3778045404482198 10.39685882662264
899 7 0.311 20.804856659315451 -18.792344009773075 -0.62604034112385254
900 8 0.1111 2.5870577465110656 16.207953288640446 3.1448209280911508
901 9 0.10580000000000001 12.156458975155799 15.745451781044709 7.1304538098576957
902 1 -0.33529999999999999 -14.038020065275603 -8.8265066659523246 85.024640009975641
903 2 -0.22140000000000001 30.579615397179047 -27.037383590737637 22.22260301464371
904 3 0.20300000000000001 -15.405622215302238 13.189756505102887 -54.168025580202936
905 4 -0.53480000000000005 30.159986322960581 -24.368141774975353 18.0968600391957
906 5 0.1469 -11.475921829470247 40.205669355222604 -77.593921874496544
907 6 0.2137 7.215931694859008 8.1873807171602273 -15.155746445987635
908 7 0.311 -13.770281144809491 25.014970801228728 -22.63604624625501
909 8 0.1111 4.2974366748857227 -13.890906516452075 8.7172838155116281
910 9 0.10580000000000001 -12.778328919231907 -6.2906988037272784 28.371799699289063
911 1 -0.33529999999999999 6.2751994390886114 -21.828278903422294 65.432059422335655
912 2 -0.22140000000000001 -55.561280790965569 11.960500081658134 -56.228914594636613
913 3 0.20300000000000001 -8.1586997992357198 24.001540652030741 -23.948651261161398
914 4 -0.53480000000000005 20.522354596106318 10.98618839865507 14.875238867353751
915 5 0.1469 0.24365275645052747 -28.843190131947519 9.7618516784056588
916 6 0.2137 0.90762617700164216 17.424594813891737 -37.67379248256907
917 7 0.311 43.335269990659967 2.2670794468598467 33.472814427696257
918 8 0.1111 -6.9018535626643365 -22.908401485227397 -1.7498494799695861
919 9 0.10580000000000001 0.64061815517230314 7.9417781799708793 -9.3576787117314524
920 1 -0.33529999999999999 30.958503491219862 -38.589489778837653 46.29356174244942
921 2 -0.22140000000000001 -0.063824035215899799 11.908906020746178 -4.7386535641048857
922 3 0.20300000000000001 -25.070675517971715 12.739473655844362 -16.146046828613922
923 4 -0.53480000000000005 -16.726251740254376 33.539611333397339 -27.289811839474453
924 5 0.1469 -14.038291710115457 -64.245810919545008 3.5431278744156871
925 6 0.2137 -19.137446755016953 23.730839829511094 -26.280188485909928
926 7 0.311 18.199204808347702 11.7153917625776 4.4255414805957782
927 8 0.1111 18.464659378551396 -2.1994112256449632 8.716583360049583
928 9 0.10580000000000001 10.192264150278012 12.475556964157088 2.3859941610412743
929 1 -0.33529999999999999 14.203258830366483 -19.838345194101795 -18.056850356621627
930 2 -0.22140000000000001 0.71346049002299561 6.8912299520061424 15.81583361797543
931 3 0.20300000000000001 17.11222739760219 17.065576869935988 8.4138500623130117
932 4 -0.53480000000000005 6.1490008418522972 -28.460757550877346 -5.6005084681959385
933 5 0.1469 -24.391988787425596 19.66927358951375 3.0307047489760319
934 6 0.2137 -12.329122810491153 20.804495893946832 23.276768890689155
935 7 0.311 -2.4331419588671346 -7.0258626961268185 -21.618703039363343
936 8 0.1111 -9.8319489012431482 -10.49629938724088 6.1469034360755721
937 9 0.10580000000000001 11.514482512468536 -3.2413765974364774 -11.764618779720573
938 1 -0.33529999999999999 -8.3407510744125926 27.951441964647476 -9.9001414459753114
939 2 -0.22140000000000001 12.350191491759803 -18.930505034393445 27.032725406000193
940 3 0.20300000000000001 -13.981385020611475 17.732867207727473 -11.543409875374474
941 4 -0.53480000000000005 0.91125666806718153 -17.110009085683032 -36.021860201608142
942 5 0.1469 16.363283534985282 7.8785264775363295 56.662224017818552
943 6 0.2137 2.7097894982652302 0.9832477092687274 -7.6221269170561454
944 7 0.311 5.0501599443507752 -33.47251941848031 -22.832208429383776
945 8 0.1111 -0.083454817167423534 8.9580830707971515 8.0324430453407238
946 9 0.10580000000000001 -8.5479071912844269 1.342669904777771 -3.7063112282888291
947 1 -0.33529999999999999 -30.417681637729888 10.15958385866996 11.998788852284743
948 2 -0.22140000000000001 -20.320104823157074 25.945884360647501 -31.962087798673362
949 3 0.20300000000000001 53.032040490102496 -25.519479266262547 52.75036059895254
950 4 -0.53480000000000005 32.727843408551252 13.083484523175843 -22.679524687533061
951 5 0.1469 -20.172064300307884 -14.17997317163994 -1.9689625616151145
952 6 0.2137 -2.005547143520205 -9.7020137548207313 -23.120983546106331
953 7 0.311 -4.2722216254761722 -1.1107868707477948 -7.8162446787796913
954 8 0.1111 -1.0077710675227189 11.758691186856742 9.8989027441332276
955 9 0.10580000000000001 -9.0603510682906929 3.0941258557053071 7.1109456810678369
956 1 -0.33529999999999999 48.865255883528718 29.090748107834212 -18.582071066760257
957 2 -0.22140000000000001 -74.586556321310908 -55.781863329159471 62.913129690772109
958 3 0.20300000000000001 18.523530992523792 81.806961576488959 -18.974903742290181
959 4 -0.53480000000000005 -0.51099498310442493 -57.411626587089714 -25.639708866739035
960 5 0.1469 4.0972687647845847 59.379975923177533 -22.958534867871624
961 6 0.2137 -7.3360425512389158 -10.413404785104118 -2.4201043195746212
962 7 0.311 -2.5509488995907499 1.1795086259873822 0.35192618907090095
963 8 0.1111 21.637216207603284 -35.266017320712955 -7.1214768915668198
964 9 0.10580000000000001 -12.11942241521821 0.2312580087676413 21.61032047339835
965 1 -0.33529999999999999 22.115645610743186 -27.584495683815099 -3.083614455721384
966 2 -0.22140000000000001 -11.100994539977274 -31.901656425748421 -25.98580154387713
967 3 0.20300000000000001 6.6837962481782087 61.914241133544301 15.780791790371381
968 4 -0.53480000000000005 -4.9713488332872995 -42.144835313114427 -38.204305520622569
969 5 0.1469 11.768374197520963 59.281731636894541 -28.558932051366053
970 6 0.2137 -21.241297920325355 -28.343012316567307 7.2802382393785772
971 7 0.311 2.5691995535097893 -4.158942737284308 24.084067330247645
972 8 0.1111 1.0012223075913886 4.523287988798951 11.922581479582293
973 9 0.10580000000000001 -2.4618507873804032 7.443256534241729 35.523524650314847
974 1 -0.33529999999999999 20.342418165264927 4.3432415225378707 -22.029999750583968
975 2 -0.22140000000000001 30.572929176585848 21.698393467818793 -47.253827400706456
976 3 0.20300000000000001 -49.22226723849576 -21.15822934417918 46.236129481009236
977 4 -0.53480000000000005 12.352389311652827 15.279650493686532 -22.564125457360873
978 5 0.1469 25.345620117662559 -17.511603631476273 36.21308020319502
979 6 0.2137 4.0328968243283869 -6.156317089373573 13.148110586042979
980 7 0.311 -23.313765375280852 -2.4625342331501998 8.7687295169872712
981 8 0.1111 14.393307854602014 4.5548476705590781 -13.471002153912186
982 9 0.10580000000000001 -23.223769917658924 -2.0894261273300598 -6.643225731112655
983 1 -0.33529999999999999 26.106874945701943 28.802088512411771 -4.3504698705017519
984 2 -0.22140000000000001 -25.151548893917663 32.507193632031544 -29.944945559378798
985 3 0.20300000000000001 14.253732338408073 -21.325655075213071 1.3020797908428896
986 4 -0.53480000000000005 -32.963311365153118 14.869604239066097 -19.001558444135039
987 5 0.1469 -5.3767421704068692 -51.130441095706786 26.464062974223001
988 6 0.2137 -12.906414453379831 -10.260705132447741 10.424962741363029
989 7 0.311 6.9227665082356085 -22.235097365464998 3.5756507668007029
990 8 0.1111 10.465109955541813 13.476461328470979 17.47917672978361
991 9 0.10580000000000001 15.253442546303743 23.099668245474316 -11.592744698735322
992 1 -0.33529999999999999 -21.921200215443829 -15.963565263037273 3.3516490083179056
993 2 -0.22140000000000001 7.1481642057923915 58.176126251236994 71.569738077653184
994 3 0.20300000000000001 24.890308699779037 -6.241223910038217 -15.031698057749674
995 4 -0.53480000000000005 5.74710686022694 3.8888495740986846 -29.080207877412676
996 5 0.1469 -15.207049634418 4.0881591401394397 -1.7309084411086386
997 6 0.2137 -3.3532073737632562 8.9828684475679133 9.076463492366674
998 7 0.311 -13.528931112561091 -28.87360016431446 -47.366853943718652
999 8 0.1111 -3.6567595783260129 0.47466539077415437 5.532216799598249
1000 9 0.10580000000000001 1.7095023042130935 -5.3221818316100826 -5.4488942155910163
1001 1 -0.33529999999999999 25.498117861334716 -45.406851110372656 16.936244056571855
1002 2 -0.22140000000000001 27.661563441982182 27.522609848530859 -3.7489222743954671
1003 3 0.20300000000000001 -8.2565737332600673 -36.050866069976799 23.376208100365666
1004 4 -0.53480000000000005 -40.241848036521823 -9.8609467031726901 -23.768461034217079
1005 5 0.1469 -1.2010401786391924 -32.327215582714295 25.97397826125345
1006 6 0.2137 -21.64682552374358 24.730712209216872 -14.960525333858863
1007 7 0.311 14.63669732076303 26.338600030894181 -8.6164916094241448
1008 8 0.1111 1.8056117363191653 42.210158229225669 -17.568808240364984
1009 9 0.10580000000000001 6.7869615646356278 -1.9867402466245734 3.2989686659555382
1010 1 -0.33529999999999999 24.400086823081288 7.0708504254917113 25.327460025728936
1011 2 -0.22140000000000001 65.340070849957172 -26.962317182703199 50.78489643370078
1012 3 0.20300000000000001 -65.314378642274804 22.039358934038006 -30.877367677235906
1013 4 -0.53480000000000005 3.7699066528854766 -8.7656081995328581 26.96370064923051
1014 5 0.1469 -35.829227759599547 20.898276773455528 -82.437597380183817
1015 6 0.2137 2.6995393564695216 6.6876589063398093 -16.417332210275685
1016 7 0.311 -14.900258884448567 0.58164607557131631 -2.9766078756121055
1017 8 0.1111 -2.7386281285869742 -20.300344841806716 6.0689127834656489
1018 9 0.10580000000000001 26.355431380390701 -3.5837059429876224 16.074268699113674
1019 1 -0.33529999999999999 -43.623716270341767 8.9972910690944943 58.562217258949218
1020 2 -0.22140000000000001 19.075339605569763 1.469812749250119 -16.183215354655314
1021 3 0.20300000000000001 45.070295093627621 49.903465078646761 95.471788500556571
1022 4 -0.53480000000000005 -49.22687934548663 -41.38065744756269 -76.883055279567813
1023 5 0.1469 44.788803113511705 -9.0266054615636353 -28.65549854588436
1024 6 0.2137 9.7203773822341937 2.1902979187079938 -11.549677503670958
1025 7 0.311 2.1414880622704993 0.88153847172590927 -10.879609344887434
1026 8 0.1111 -17.211152089308872 -13.749688107583804 -2.7444163331874303
1027 9 0.10580000000000001 -13.578242414527173 0.22558285516702553 -5.6877085035406578
1028 1 -0.33529999999999999 -58.319840165662917 -35.350477617230631 -7.5209687410141823
1029 2 -0.22140000000000001 32.673937111215139 36.397041541036018 9.8699493174620709
1030 3 0.20300000000000001 -33.798339678103453 -20.48845959647074 6.8199046538248407
1031 4 -0.53480000000000005 42.868643743831541 26.472482581508125 15.276995909720103
1032 5 0.1469 49.260674477919387 3.8713248169630012 -16.047299846471997
1033 6 0.2137 6.8170126532114663 18.829471214144291 9.2127383677509016
1034 7 0.311 -12.864017024359114 -15.911738423605584 -12.576466799010202
1035 8 0.1111 7.4301002982624755 -8.4233790256091812 -20.570031853228887
1036 9 0.10580000000000001 -35.305122309157284 -1.6562382785592076 13.550345360405183
1037 1 -0.33529999999999999 -50.056887552220687 -25.012906497514695 -42.041319074904109
1038 2 -0.22140000000000001 45.743262836480241 -1.4030225075657576 -6.9848837125006611
1039 3 0.20300000000000001 42.702270116362314 -11.241672563138996 2.1824111337622498
1040 4 -0.53480000000000005 -14.258863328637256 -1.5003286215633707 0.54716992946259102
1041 5 0.1469 -9.1179764314784979 20.893861942541257 -3.2656450543648274
1042 6 0.2137 11.715876413164537 17.984034083975946 34.901625534387236
1043 7 0.311 3.1276492639112217 6.4156255539199698 18.986038458740779
1044 8 0.1111 -14.04451459223653 0.42211404899567045 -11.120185232466021
1045 9 0.10580000000000001 -14.949981437887987 -2.6447538894035882 8.8290580630868405
1046 1 -0.33529999999999999 7.9165431839330171 45.240060056521592 52.771934403570462
1047 2 -0.22140000000000001 8.0669571117962242 -21.356401650973645 -12.447629804730022
1048 3 0.20300000000000001 7.6948586573062121 -6.4034241317531952 -11.897007693043996
1049 4 -0.53480000000000005 1.0621772507529705 24.985451894303328 -6.2430308998355386
1050 5 0.1469 9.7858146500581604 16.40432842813858 10.123813045950673
1051 6 0.2137 1.0275221491130102 -32.322050062857492 6.6952196698797506
1052 7 0.311 -15.4241467143717 -7.6523532776600076 -22.278590602262245
1053 8 0.1111 -5.3403239306820263 -0.86407467953039574 1.0681282205344462
1054 9 0.10580000000000001 -12.72568401254596 -14.908800490506353 -22.263407020908424
1055 1 -0.33529999999999999 54.946936471424905 -7.0936885924648037 11.396706654832887
1056 2 -0.22140000000000001 10.234581576084345 33.022815889002011 -35.140056206765301
1057 3 0.20300000000000001 -19.955191422326294 -0.25174213585498612 18.778150155858444
1058 4 -0.53480000000000005 15.097797395796558 -15.70008979228478 42.072329972215826
1059 5 0.1469 15.774901100106581 -2.8487009397806919 -4.7274996790635981
1060 6 0.2137 -24.27807371953725 -3.5385073240577514 2.4411237253849576
1061 7 0.311 -15.081523039383351 -1.5101653155471759 -1.4825789507748635
1062 8 0.1111 -19.005319217033751 -13.211230578398732 -15.376301537353225
1063 9 0.10580000000000001 -16.90650312672512 10.019685500791695 -17.338144642192969
1064 1 -0.33529999999999999 -8.8402688934066518 1.9069730970745093 30.60527580979797
1065 2 -0.22140000000000001 22.906534794759139 -27.847581311789476 11.005733828016336
1066 3 0.20300000000000001 -24.411295653801712 27.077260636065784 27.828950919893572
1067 4 -0.53480000000000005 -38.915804740418302 24.846619741774852 2.4811386759353411
1068 5 0.1469 39.443366690299356 -2.9348530097907335 -86.388094334950935
1069 6 0.2137 -7.7614035628237836 0.86722075335205062 -0.26062473643242084
1070 7 0.311 14.799792377556791 -12.683576621972936 7.305305176573782
1071 8 0.1111 23.789840464269929 -27.583161027621628 -5.1098404069301928
1072 9 0.10580000000000001 -19.198870624468835 15.755066101690055 14.138674935541856
1073 1 -0.33529999999999999 -12.505096108280902 -6.144396844477817 12.468039195651253
1074 2 -0.22140000000000001 59.980349919047669 -2.026546766008134 -31.774653778519628
1075 3 0.20300000000000001 46.189734870807655 -30.709009410705406 -10.957653162192038
1076 4 -0.53480000000000005 -47.122764298493315 -2.1060065676839295 16.097264245470846
1077 5 0.1469 -39.404103839247433 49.940816270977443 10.081194445438642
1078 6 0.2137 11.35125898572481 -3.737961379103413 -8.8238392112538691
1079 7 0.311 -21.1046360861769 2.011387319981965 12.528321201317111
1080 8 0.1111 -7.1252378336478461 4.0826762870777564 -2.3723884993409214
1081 9 0.10580000000000001 9.4561731621654204 -12.074959354232867 5.7325010123519879
1082 1 -0.33529999999999999 -53.19357508149298 24.152087150814378 10.026495040970948
1083 2 -0.22140000000000001 57.907044082573478 -31.685174634480092 -10.40774430590349
1084 3 0.20300000000000001 -3.8759711931700642 -23.944395162354745 31.884931322124302
1085 4 -0.53480000000000005 -15.842500743324367 27.493133493161146 -22.832802237841022
1086 5 0.1469 6.0645320195333436 5.8032983067784576 -34.587371453365328
1087 6 0.2137 23.414933343000627 -17.354010529800622 8.9063409913465321
1088 7 0.311 -25.520689777419783 19.275878610919797 -3.5437395317808877
1089 8 0.1111 -10.749388112842821 10.024028289811207 14.313579418358113
1090 9 0.10580000000000001 15.784921962016972 -14.232823511499348 7.4991902812796551
1091 1 -0.33529999999999999 48.654201608193425 1.2043724192800283 5.9268734220740367
1092 2 -0.22140000000000001 33.588058213750926 -28.121049390251248 -24.847661502648474
1093 3 0.20300000000000001 -19.262721641755899 23.994792734993499 3.696576868825693
1094 4 -0.53480000000000005 -11.466848758009572 6.469442362494962 18.103445287938289
1095 5 0.1469 -96.358089457695442 -24.242153199941068 3.5129961141375095
1096 6 0.2137 -13.257552557198519 6.2446929388869323 3.8656222355681233
1097 7 0.311 -2.6286797557985828 -3.9948947315368355 -6.5632257093555983
1098 8 0.1111 7.131459314696813 -16.656448304703073 10.934392137069249
1099 9 0.10580000000000001 38.737204253155689 16.723889980767577 -8.9342639024595272
1100 1 -0.33529999999999999 -13.300792369764002 -17.728975568744396 -15.708383965698584
1101 2 -0.22140000000000001 -2.8506148355087912 24.793989202072531 62.137025151789786
1102 3 0.20300000000000001 -50.288074675668774 16.591211205466458 -20.271093155162468
1103 4 -0.53480000000000005 -24.012228730491657 13.566642491859985 -4.0960880512000681
1104 5 0.1469 3.7233194867750945 -28.019948418983436 -7.0761958223643644
1105 6 0.2137 15.325490783801287 12.773692540775173 7.2900761483152845
1106 7 0.311 38.698081983088613 -3.8184410273673133 -11.119015789950918
1107 8 0.1111 29.603322836152305 -23.09700802034444 -10.817221450868406
1108 9 0.10580000000000001 7.86521843313077 6.6128462386614704 0.76839796918739434
1109 1 -0.33529999999999999 25.815539649268572 1.5181441015635917 40.193863723015482
1110 2 -0.22140000000000001 37.902844820202468 32.530535601046402 29.199089802481083
1111 3 0.20300000000000001 33.740331114219529 37.071948112808535 -8.9289087133222917
1112 4 -0.53480000000000005 5.8759913649859756 2.8917122664622164 1.2702727171209041
1113 5 0.1469 -69.717674274453813 -52.082821677924443 -42.244644770123656
1114 6 0.2137 -11.702079396725793 -7.9395117647259905 -23.178465842079078
1115 7 0.311 -12.891830106092758 -0.065390606573917667 -6.0038495419136533
1116 8 0.1111 -39.821853425668344 -30.257334038427906 -12.862398985274449
1117 9 0.10580000000000001 20.292735967057968 17.955377317782183 25.556345032491347
1118 1 -0.33529999999999999 -36.656809224279819 8.7539015222857905 0.14819729128782674
1119 2 -0.22140000000000001 22.247835821784143 16.583171956646307 32.50554007060358
1120 3 0.20300000000000001 -11.339917265594856 -32.942761979444903 -68.626924991863618
1121 4 -0.53480000000000005 -37.21987768072524 13.176612219479546 20.801342834504208
1122 5 0.1469 44.453098156626368 -12.420647003806659 27.098974694774931
1123 6 0.2137 20.032577957608879 -21.131986432532372 -14.46317965633715
1124 7 0.311 12.324467455805175 1.178727402089724 2.0031322898360324
1125 8 0.1111 -17.814579022375206 19.470674775222346 18.97760811059181
1126 9 0.10580000000000001 7.6897912177037755 3.2805256521294837 -13.70017669259787
1127 1 -0.33529999999999999 22.078374949236135 -8.7305406283876472 -17.150290493102258
1128 2 -0.22140000000000001 -26.481512510544107 -30.538803120602417 -1.1380067949497445
1129 3 0.20300000000000001 17.356336093436067 -4.2413854282889609 -15.8202881886033
1130 4 -0.53480000000000005 9.2929333990752809 54.53902141161047 50.403624614127622
1131 5 0.1469 -17.167146468299407 -17.107389526295986 -29.365837951297291
1132 6 0.2137 3.2324236969637927 2.1773213794624691 5.1633831460078543
1133 7 0.311 -2.0091445675147952 15.057467290045667 6.9051797478268595
1134 8 0.1111 8.853130370286145 4.4996651181368179 4.2821019135355263
1135 9 0.10580000000000001 -12.42026303318951 -12.092532365183652 11.329408385115874
1136 1 -0.33529999999999999 -19.45411182382702 -28.471057944580895 33.914876294260473
1137 2 -0.22140000000000001 5.7713549635205972 20.360913543433888 -4.3636640872634072
1138 3 0.20300000000000001 -33.66971193951408 -45.242317874608744 29.225193296188543
1139 4 -0.53480000000000005 -18.762131203888444 0.6092858150120376 9.4135537740399364
1140 5 0.1469 43.039303911015111 55.808261055836418 -54.027219829013632
1141 6 0.2137 0.62607949665104801 4.0533200478606632 -16.151416355848564
1142 7 0.311 18.662677453090481 9.2090303552326045 13.096310713466709
1143 8 0.1111 15.507100408521257 14.999467120081889 -17.685155959148609
1144 9 0.10580000000000001 -10.032345408500488 -36.060597261828562 8.5006315786254856
1145 1 -0.33529999999999999 -15.725881512325333 19.693084475788911 -22.518314699914328
1146 2 -0.22140000000000001 -18.019929142754474 -17.535818784096257 15.028620665990649
1147 3 0.20300000000000001 21.834918993352183 5.6727433277347554 -30.498628348110646
1148 4 -0.53480000000000005 -18.134846048287258 -18.983232309993422 35.475399866467633
1149 5 0.1469 1.4006838007735574 5.393945750802156 -2.9769609787676701
1150 6 0.2137 20.455493973665412 -13.137692572636661 7.6257309245265681
1151 7 0.311 12.678761531099541 3.1759132430086563 2.9323766084669898
1152 8 0.1111 15.577063670387195 -3.1517268323942629 -3.8663402624594947
1153 9 0.10580000000000001 -17.879011972173064 4.8844715459346562 -2.9597358620632335
1154 1 -0.33529999999999999 32.041463989677062 6.5578263818262545 -39.073015677803077
1155 2 -0.22140000000000001 -10.174990146322497 0.0070113268297021473 22.48488554801612
1156 3 0.20300000000000001 -21.203165845090233 45.200437595312458 37.159892353387853
1157 4 -0.53480000000000005 5.0568029003136159 -22.66124225247226 -13.789399459239764
1158 5 0.1469 -39.234856677291987 18.942818831554245 26.03794646279178
1159 6 0.2137 -18.996375580096231 -1.4962543729701485 20.412651116359203
1160 7 0.311 12.845928276051708 -9.8374986437772325 -18.298763442581159
1161 8 0.1111 4.7781191191578891 -11.831134990229039 -12.480769708176611
1162 9 0.10580000000000001 36.76615108739901 -24.076600670603245 -23.840432911420955
1163 1 -0.33529999999999999 -28.291072747125543 2.8314592730817965 20.170671981962965
1164 2 -0.22140000000000001 33.478486852605755 2.0199386520641025 5.1000622794044403
1165 3 0.20300000000000001 -4.2439150248274391 2.8851207446482778 -58.543587044762418
1166 4 -0.53480000000000005 -4.8122359661159786 -2.8267401878679603 44.059397692929984
1167 5 0.1469 -45.498967785608762 15.151366657416178 0.094428598321706164
1168 6 0.2137 21.528219368640297 -3.5674867197307938 -12.87585794068702
1169 7 0.311 -14.106409937804045 -2.7494226779195516 17.891106750485623
1170 8 0.1111 12.821347259301143 -4.1085858998948206 -0.70700484203130876
1171 9 0.10580000000000001 26.25789379728727 -10.137559191756939 -5.5243456411947331
1172 1 -0.33529999999999999 -57.949813714941307 -71.101645755668642 50.190485729704768
1173 2 -0.22140000000000001 17.073387398900476 104.9924070465684 -10.972831976987171
1174 3 0.20300000000000001 -43.197074570181073 -49.888109944687251 47.812369390048069
1175 4 -0.53480000000000005 10.540640197403988 9.4487595679814849 -16.935133288946595
1176 5 0.1469 17.452223888513299 18.796731856672203 12.989869889421547
1177 6 0.2137 13.863472466626765 1.9112763335777936 -7.2495566384759353
1178 7 0.311 12.441559380411206 -34.618246487667278 -25.055117881223364
1179 8 0.1111 28.447454969074691 32.455485479400238 -22.629227144065364
1180 9 0.10580000000000001 5.3708700926582855 -8.7547743857065186 -21.615252487973066
1181 1 -0.33529999999999999 -24.39595911867076 73.332103619074104 9.8896998581207267
1182 2 -0.22140000000000001 -8.4146076735864206 -18.050282076610156 -34.324571392965467
1183 3 0.20300000000000001 11.671894210587563 -6.0605489407033977 7.8684853408626072
1184 4 -0.53480000000000005 20.884399325641859 -35.91429866731017 10.146583640022705
1185 5 0.1469 21.515754017111771 -46.004116749727778 -12.082495039096337
1186 6 0.2137 24.539754972638047 -8.9980766630738813 0.97093469949597511
1187 7 0.311 -12.121096847740564 -13.74289274259602 -22.039526026036047
1188 8 0.1111 -2.0622277485052907 12.155012282080474 21.660382814185766
1189 9 0.10580000000000001 -23.824853252139185 41.551616785153023 23.386294866172683
1190 1 -0.33529999999999999 11.327253027048229 -46.525852114682785 47.881258909020339
1191 2 -0.22140000000000001 -88.181631548215847 7.6091876335804409 -78.410051182552252
1192 3 0.20300000000000001 47.084839606325652 42.063424523312037 16.891124458917822
1193 4 -0.53480000000000005 21.904394047640135 15.343652968501608 23.879843176488816
1194 5 0.1469 -25.82594986615441 -17.211405053912557 -5.6486028490400919
1195 6 0.2137 23.929408778079061 16.798525933698283 10.786884753727465
1196 7 0.311 20.421074609521472 1.2556723631575017 6.5615702783475571
1197 8 0.1111 -15.5529691626736 -10.145005554910664 -9.9625977390389497
1198 9 0.10580000000000001 -0.7605944915951024 -3.4158074049509044 -7.6757945700502059
1199 1 -0.33529999999999999 45.8201015999744 23.556326835622627 26.598929309439413
1200 2 -0.22140000000000001 -21.651340073387992 -4.7734955804597705 47.997574765033306
1201 3 0.20300000000000001 -1.5629540037734972 -43.151907912875828 -105.99076490897171
1202 4 -0.53480000000000005 -0.79309192476037194 10.728490430318589 23.607995326484577
1203 5 0.1469 -29.200147334540464 1.9419614121599769 -14.141416974835476
1204 6 0.2137 -3.4051781752032388 2.6339409523390995 -18.353420890921669
1205 7 0.311 3.0792897223254609 -6.8325501449885788 -25.694524838291017
1206 8 0.1111 1.7120023864435208 11.834509564170469 45.455315620312447
1207 9 0.10580000000000001 13.230005043315685 2.3418156739765998 22.081659247187513
1208 1 -0.33529999999999999 43.421676447521271 -12.70379647432472 2.3861480709165388
1209 2 -0.22140000000000001 13.841582361656622 -60.997369240138177 -25.969582962665992
1210 3 0.20300000000000001 -29.417341066077327 21.975626354963893 15.37049120192723
1211 4 -0.53480000000000005 19.674390723162219 -40.752503430719706 -7.5188190343112256
1212 5 0.1469 -48.760009197605832 73.894056353829001 13.059096687076494
1213 6 0.2137 1.6752819849336629 -16.432839484034101 -7.1141819396928181
1214 7 0.311 -17.847266280670262 23.636532984891229 15.637891513679248
1215 8 0.1111 10.095639531427484 10.484040343092133 -2.4180992073565153
1216 9 0.10580000000000001 11.417710302636175 -4.7199522141803296 -5.9235123761162374
1217 1 -0.33529999999999999 3.2013198330739625 1.4712726248380634 -9.852541946725438
1218 2 -0.22140000000000001 -30.361161682546651 -20.002317134888173 -56.088171503770596
1219 3 0.20300000000000001 -15.043854156252353 -1.8467405103988617 28.185583357197864
1220 4 -0.53480000000000005 29.767031911303654 -0.61086020639472649 -6.767247752000026
1221 5 0.1469 68.029843323266547 -44.186907533025881 -30.939658397060814
1222 6 0.2137 -16.954566347295177 5.5840560377347233 12.265268873189468
1223 7 0.311 -18.339845871943563 27.565260223161886 26.060333339117644
1224 8 0.1111 4.2941732299072779 13.504089179660241 15.923285125178413
1225 9 0.10580000000000001 -24.080988450922987 19.179544069374867 16.757530528032298
1226 1 -0.33529999999999999 3.5999446146265068 24.172332771756771 18.536547975328556
1227 2 -0.22140000000000001 -7.9142814220070763 11.907461004612774 -24.158960216807863
1228 3 0.20300000000000001 6.9171965485405096 -5.3901655068306322 -5.6288083133159486
1229 4 -0.53480000000000005 1.5806393163285539 3.8426078058714155 20.144619196543129
1230 5 0.1469 4.9156076232605015 6.3767094922552108 -23.96275902560981
1231 6 0.2137 -6.80284370519069 -9.6427066319435415 22.548629587973405
1232 7 0.311 2.6888714435222125 -6.9200139746071372 18.302813632449396
1233 8 0.1111 6.7702552535039704 22.48532924549616 -22.032972379289777
1234 9 0.10580000000000001 -13.523547267227979 -50.721737385226177 -2.9778894569322412
1235 1 -0.33529999999999999 0.2081546323771917 20.171634140597096 -5.2322059501441061
1236 2 -0.22140000000000001 7.9268795337234428 4.5329275403173233 14.678738396463189
1237 3 0.20300000000000001 -4.7583939159491289 -13.783206009269309 -6.9439394351741024
1238 4 -0.53480000000000005 40.814908629902945 47.829945357574928 -2.7490590100072514
1239 5 0.1469 -37.90398678411006 -64.885861931298379 -15.129779149799365
1240 6 0.2137 -1.7066565951989145 -11.547892123440656 15.402527842772015
1241 7 0.311 3.3337821315560943 -12.620825806371627 -37.417437099422067
1242 8 0.1111 -4.3854979477265728 12.362181186871855 13.513150504564388
1243 9 0.10580000000000001 -2.5913186435248217 12.744760361904286 19.724170246202899
1244 1 -0.33529999999999999 60.293792444267446 -17.735618098809077 -15.111627041698201
1245 2 -0.22140000000000001 -68.282946575636643 -1.5766237668948004 24.837931997563807
1246 3 0.20300000000000001 34.280463365176516 -27.479244320797925 -32.560050662343336
1247 4 -0.53480000000000005 -33.995876236343321 23.711702985583663 42.229101818834245
1248 5 0.1469 40.315456777631823 4.0291947095401701 -55.300543696384452
1249 6 0.2137 -26.800981049191879 -8.4442395833101145 15.929656352245816
1250 7 0.311 20.103428867881441 0.0036434708402037622 8.8487037765969667
1251 8 0.1111 -15.21599451563444 9.6998982886371579 9.1206119363069149
1252 9 0.10580000000000001 -9.0571895541652925 13.293341024753326 6.1426840643113776
1253 1 -0.33529999999999999 -9.9168473034179456 19.56870020598992 -7.5686413928674039
1254 2 -0.22140000000000001 17.368267253923559 -4.6779077366081685 16.832341437392127
1255 3 0.20300000000000001 -29.514457103110697 -9.6474675268003214 -3.3042142758295401
1256 4 -0.53480000000000005 20.974318610466856 -8.875451790536621 -18.981396038492505
1257 5 0.1469 7.1025846302954116 -31.951364970425058 9.1381808401970765
1258 6 0.2137 0.94950289663416654 9.2372197789826682 -6.8106934683968507
1259 7 0.311 0.43468406887840144 19.069688736075488 12.133201385873342
1260 8 0.1111 2.9932077230831986 7.1588371150237204 -4.4611744279217449
1261 9 0.10580000000000001 -16.623867927283314 5.1205700171402055 -2.916718501659898
1262 1 -0.33529999999999999 15.961503212131099 7.4242871586232129 -8.8635611253755737
1263 2 -0.22140000000000001 29.779083770726793 -16.942435984499117 26.566054602019175
1264 3 0.20300000000000001 -62.184941862178576 12.028554681855189 2.3089322573520805
1265 4 -0.53480000000000005 -0.98196657195457149 1.6535297130062423 0.45204521192570246
1266 5 0.1469 -11.104169125799897 -21.916819275435916 -1.6675835590768961
1267 6 0.2137 -9.5450683159599166 -1.6546376984898383 3.0206153843800436
1268 7 0.311 0.96578069351745555 -11.937541514036957 14.358967261504855
1269 8 0.1111 9.452482095074707 -4.1470139830142063 -14.855914551713868
1270 9 0.10580000000000001 25.01903767445836 30.236699528389956 -25.401626903563404
1271 1 -0.33529999999999999 -1.2236877987789208 -4.6369897731961141 -4.7517673885298803
1272 2 -0.22140000000000001 -1.926344307067259 -16.975865539582053 9.8398060494331627
1273 3 0.20300000000000001 -38.836876891360731 33.842280801648457 5.732693021982854
1274 4 -0.53480000000000005 38.87331251893432 7.7576639005112176 -35.56063243654512
1275 5 0.1469 -38.064284577985056 5.1661641391219533 42.478282546396741
1276 6 0.2137 5.3137306187578961 -2.4736158254750129 10.808441787854962
1277 7 0.311 19.600691183007481 0.18291956336880333 -10.596557290708096
1278 8 0.1111 -5.3274417702212089 -12.380179342854229 -6.5776329725733662
1279 9 0.10580000000000001 19.552707143340076 -4.1229018792329271 -23.34179143720695
1280 1 -0.33529999999999999 31.868943970677588 -18.506751527143905 34.648875882603193
1281 2 -0.22140000000000001 -15.906846485347907 3.522689129105077 -19.04072425878952
1282 3 0.20300000000000001 -13.230606707395307 5.9023828623205397 -54.983921291759387
1283 4 -0.53480000000000005 28.681350843142539 40.545237587327961 13.409080113024478
1284 5 0.1469 -33.863392531699446 -37.722733356947003 -8.2141702607944378
1285 6 0.2137 -25.056398439901411 -5.6338367860338714 -2.4815607286841228
1286 7 0.311 16.674902276305808 -11.679534278439553 39.713915036770828
1287 8 0.1111 8.5241561634435197 1.7917924615269374 29.274307625280457
1288 9 0.10580000000000001 3.693358785693897 21.825209915319185 -29.131263156465124
1289 1 -0.33529999999999999 -4.5268847711133873 7.0090911213966587 -4.8520856671905346
1290 2 -0.22140000000000001 -3.6824733335638831 38.310618699548975 -16.495267666225391
1291 3 0.20300000000000001 -9.988902828193412 24.31713443842732 17.058480060572457
1292 4 -0.53480000000000005 10.747960851758945 -37.689967328625805 -8.754204243946198
1293 5 0.1469 -4.5324925005386829 11.850556813186014 -4.832436243083003
1294 6 0.2137 -3.972934947269132 1.4273540744429409 -3.6918223340418912
1295 7 0.311 4.0010650737954254 -26.818618884920223 10.127858487896678
1296 8 0.1111 18.678570702515568 0.82308122310589893 10.20844471114121
1297 9 0.10580000000000001 -9.4499459537720192 -2.0984210768402436 -1.8831481237651801
1298 1 -0.33529999999999999 -33.992094925401304 -33.607074997848713 21.704492177956656
1299 2 -0.22140000000000001 26.798433974995859 27.752968728935116 -15.557226949599382
1300 3 0.20300000000000001 -34.886504507036676 -41.375979492095844 -7.5246447028925543
1301 4 -0.53480000000000005 38.00275451407957 38.928634008403399 3.2413103345666099
1302 5 0.1469 -16.49789731767493 -1.1330460384927923 -27.290431017470372
1303 6 0.2137 7.3977523611965941 21.3903366067922 -10.429799469011645
1304 7 0.311 3.6421739163996105 -4.705653314675339 -1.7780121485920564
1305 8 0.1111 -1.6967442787292724 -3.1590120739923977 17.78134759821916
1306 9 0.10580000000000001 18.81279509424116 -9.2817286644709878 15.484161115643367
1307 1 -0.33529999999999999 -10.652099528208565 24.68979274706377 7.0741623489366541
1308 2 -0.22140000000000001 -4.9345723696014794 -39.572605743145211 -47.731357725868847
1309 3 0.20300000000000001 7.6122535201872816 -14.499951329882714 -5.2413878908005254
1310 4 -0.53480000000000005 -22.658230422850611 -10.079033866720252 -14.148274001777541
1311 5 0.1469 44.05911246761378 -12.3377371594776 53.643057231591669
1312 6 0.2137 -19.757820389570803 -3.3250837643030575 -10.637058638053739
1313 7 0.311 25.195931313663934 19.925493948899607 29.185029327979425
1314 8 0.1111 -21.18319779233321 29.787381606571941 8.4944929408143999
1315 9 0.10580000000000001 6.9548023973222808 8.5284530196689374 -21.05248950149819
1316 1 -0.33529999999999999 23.947598648879016 19.009721591979005 -12.191546780440209
1317 2 -0.22140000000000001 24.419796556217147 -34.8645774650807 31.796993981339202
1318 3 0.20300000000000001 33.097294890703928 2.4942055431589911 -18.488403133472023
1319 4 -0.53480000000000005 -49.590519073791015 22.603847572289656 -10.16399389938266
1320 5 0.1469 -42.576453735313891 -18.84969668695657 5.685990342940662
1321 6 0.2137 5.4721319840978611 11.178682987936542 -9.1196694075686171
1322 7 0.311 -3.4442818999686522 3.8719572499183386 -2.7180799255900165
1323 8 0.1111 -3.1933729608686656 -9.5930922784389647 10.502908644617273
1324 9 0.10580000000000001 10.968846618524179 -1.2058070878859763 4.7202706118468294
1325 1 -0.33529999999999999 -42.990538765292897 -31.051633829269289 -27.609289635111633
1326 2 -0.22140000000000001 38.069642025684111 78.969723413244878 1.088035989698938
1327 3 0.20300000000000001 39.209353455933375 -62.246118852982654 -20.310971379405348
1328 4 -0.53480000000000005 -17.629952056072725 26.186072300455653 36.88648569685305
1329 5 0.1469 -21.470751725131734 -22.027588308260484 9.6218893592439745
1330 6 0.2137 30.740943914246223 6.2025295778627667 12.456767110878372
1331 7 0.311 -22.034377376161387 -16.811441656228251 7.0812445748054165
1332 8 0.1111 -15.694146052626447 6.8794010266556063 -7.5342230165757336
1333 9 0.10580000000000001 6.597027937459802 20.372951344355531 -0.61963239260177672
1334 1 -0.33529999999999999 -15.740323778757041 -2.4568918686290266 20.712705666765213
1335 2 -0.22140000000000001 43.512198964732789 31.152376838739841 15.222599712698218
1336 3 0.20300000000000001 -21.770749913660921 -2.4854784715872293 21.718066588188769
1337 4 -0.53480000000000005 14.466115379349789 2.7123680900489182 8.547756879937765
1338 5 0.1469 -49.852984652468265 -14.722293227112077 18.493738011492784
1339 6 0.2137 30.705311273966942 12.382750144712473 -8.1043159165184022
1340 7 0.311 -21.079324067585873 -24.095806409500849 -23.538924871821759
1341 8 0.1111 9.7559478540757212 -1.5381143405470177 -32.879400698812027
1342 9 0.10580000000000001 11.653185583945676 -0.53727861316644698 -20.044349931288913
1343 1 -0.33529999999999999 40.215772545085308 -8.5467667141177674 -9.236524035958892
1344 2 -0.22140000000000001 33.974483523939824 -44.364093254762615 -8.0975252975116661
1345 3 0.20300000000000001 -57.677049842477992 41.370982376132361 23.110172180450302
1346 4 -0.53480000000000005 20.3528480425725 -14.304356412031412 22.650117452357922
1347 5 0.1469 15.743251963141587 3.1775155478910353 -6.1725811818874838
1348 6 0.2137 -31.07353607497075 15.379254384689721 -0.76905514239042716
1349 7 0.311 -14.737794881794947 11.684988593179503 -4.664295599424241
1350 8 0.1111 22.278448243227889 -10.837839321009236 -19.349035904383445
1351 9 0.10580000000000001 -29.271497415624513 2.2647529337691861 7.8170529067113126
1352 1 -0.33529999999999999 17.162266753466483 -21.394333054427261 21.412231535720064
1353 2 -0.22140000000000001 -13.797556514733024 32.702667656744659 -44.31429711323986
1354 3 0.20300000000000001 41.872826321727658 5.8346432202525493 -13.463091089209172
1355 4 -0.53480000000000005 -64.379455172916806 -26.781025032538569 18.635586464914379
1356 5 0.1469 -8.2570034085603581 43.343107219493632 -58.80224099590432
1357 6 0.2137 -3.1057470232079996 1.3325362570446515 13.166758697350797
1358 7 0.311 9.9505964561335514 -22.680952786717612 33.324064553167787
1359 8 0.1111 -0.68932753132514468 -3.877793779871479 18.621171712538086
1360 9 0.10580000000000001 22.075916461932039 -0.18055916542081046 7.4312178804311717
1361 1 -0.33529999999999999 28.223862668641377 10.785681013909059 25.629656280924717
1362 2 -0.22140000000000001 -22.121505861739887 24.187985693843778 7.4372970496005042
1363 3 0.20300000000000001 -18.891710434172278 2.2719584558227912 -16.382477566270239
1364 4 -0.53480000000000005 10.237365436300047 -4.5431484862593301 1.7542042929581447
1365 5 0.1469 34.198666046379451 -66.433997306978881 -20.581295506193012
1366 6 0.2137 -33.089859419025153 1.5033582847472156 -26.585560525642698
1367 7 0.311 11.686136677179757 -13.474101172737466 3.2782708771086506
1368 8 0.1111 24.269645286464488 -1.7087650959746932 22.864371574784585
1369 9 0.10580000000000001 -38.142408892155778 35.809513756558729 10.052751977484434
1370 1 -0.33529999999999999 -21.63361834799155 -14.808171531724103 -57.611858954935052
1371 2 -0.22140000000000001 -8.0943245592210129 -32.509533321948901 14.896305897110011
1372 3 0.20300000000000001 13.421635150664621 36.767880997033998 9.3121060102106803
1373 4 -0.53480000000000005 23.470590590136435 -4.930733510131704 5.5367934866404198
1374 5 0.1469 -9.6192774802111938 -47.22712229745148 -3.0730923940889716
1375 6 0.2137 -7.2661769309158641 4.2108597901209253 11.123767854995412
1376 7 0.311 -10.5981307880163 36.206649479332079 5.4793260073282672
1377 8 0.1111 15.051360347120566 5.5937543872382376 14.505068632970357
1378 9 0.10580000000000001 4.7721074805295238 11.768780892958263 0.42847193303522046
1379 1 -0.33529999999999999 -4.3464294895397293 -1.0979690212454711 -9.1081984292519564
1380 2 -0.22140000000000001 -2.9905811001718328 12.298581029343554 -30.574800503432758
1381 3 0.20300000000000001 -15.785146190191236 -59.598222039226386 52.716971652060408
1382 4 -0.53480000000000005 -0.14294565308909193 51.183069889537308 -48.239198063530878
1383 5 0.1469 -1.1795822619984724 -33.517368026963659 39.077645275665397
1384 6 0.2137 -1.0203793074010128 -3.5112404432509261 -6.0624322308619236
1385 7 0.311 11.742660871923317 18.156412336046181 11.577633712239264
1386 8 0.1111 4.9289201115564616 -4.8527420039517581 -11.766240217904356
1387 9 0.10580000000000001 6.047359448328482 26.432064496039864 3.871465797359475
1388 1 -0.33529999999999999 11.658596060436899 61.51872326032435 -1.0303469041555824
1389 2 -0.22140000000000001 -41.377889522639833 -67.595416309402353 -36.633103152801048
1390 3 0.20300000000000001 9.2036617818379067 -11.811497079190927 62.084834224021456
1391 4 -0.53480000000000005 16.059985295682417 41.680145746640228 -31.506433747935588
1392 5 0.1469 -16.477389356298008 -46.842831058025077 -16.207434370658749
1393 6 0.2137 6.7026310423407827 -0.87987297469539216 10.262460148019166
1394 7 0.311 11.663582133405921 12.63839000900008 5.4863764087569225
1395 8 0.1111 1.4673716497938929 6.6317836278358859 6.8808757419414022
1396 9 0.10580000000000001 1.7968916444249432 5.6996117155329529 -4.2370781396510724
1397 1 -0.33529999999999999 -46.986510731527368 -12.692380230399689 -11.714789705310274
1398 2 -0.22140000000000001 -28.345941018715124 19.03364454881573 -77.754073539811472
1399 3 0.20300000000000001 59.378943052599269 7.5493580870784616 71.029946935430857
1400 4 -0.53480000000000005 -5.0824339619820185 11.084024600116454 -37.757894528243817
1401 5 0.1469 25.814686896542405 -15.041225443047447 25.43344780934444
1402 6 0.2137 -5.7726660428066774 -4.4318771561149735 -13.754167480884506
1403 7 0.311 -2.3320797638061483 -16.447085590653952 43.452079594391165
1404 8 0.1111 -14.457557486718763 -6.4642250913123522 8.7365396207119801
1405 9 0.10580000000000001 14.766634706407812 12.855350965844785 -0.53693447636711256
1406 1 -0.33529999999999999 25.566851065501076 -34.242690976084653 -63.673313780952391
1407 2 -0.22140000000000001 -13.831377919391628 -13.907772212985096 -18.270288113367872
1408 3 0.20300000000000001 -9.8977632345174236 59.741936261344208 34.3127332214737
1409 4 -0.53480000000000005 -27.360124108178788 4.6318896911601906 28.329855483782413
1410 5 0.1469 9.1662888673120655 9.0380366598694071 -1.7738248059349437
1411 6 0.2137 -6.1014946269637491 3.9664625388826709 20.070324813459479
1412 7 0.311 18.781640843226825 1.069578009089498 5.9094549555095703
1413 8 0.1111 1.7294407672693077 -24.463176861698315 -16.044847626720991
1414 9 0.10580000000000001 9.2515793669486257 3.5459391307114601 4.9286964239902176
1415 1 -0.33529999999999999 -8.7109425664256221 -48.811600531005233 -34.143367980183143
1416 2 -0.22140000000000001 -16.200433329765325 -47.49269069188648 -34.691893235656742
1417 3 0.20300000000000001 0.89653617769901162 15.961332825599387 43.621493977385214
1418 4 -0.53480000000000005 8.0807350880654294 43.249228820774817 8.3773068682368308
1419 5 0.1469 3.8405194476546969 28.388980948446054 -11.507938627151043
1420 6 0.2137 3.9921097934843397 -3.8103163724335687 21.917629718007465
1421 7 0.311 10.816910442279317 4.5670625951729331 25.946841143749587
1422 8 0.1111 -0.49122389721888271 0.41400352639728522 -24.649226370310682
1423 9 0.10580000000000001 -1.4200839998839423 11.406018232588492 6.3043392371824627
1424 1 -0.33529999999999999 27.49340281165038 -11.697764500247322 -11.233036836570401
1425 2 -0.22140000000000001 17.6034028179274 -40.515702146181169 0.43977682597599976
1426 3 0.20300000000000001 -26.419491883264438 63.714696955681752 -1.1096156285585901
1427 4 -0.53480000000000005 -22.218863951659472 -30.040241544041351 12.794988632651499
1428 5 0.1469 17.306809594518956 -5.7434516807835223 -2.2058231835734956
1429 6 0.2137 -16.781579695288134 23.079512946588157 14.604570271828843
1430 7 0.311 -11.443547481435198 -3.1800709744644853 -4.5393495951268426
1431 8 0.1111 7.9807077729224112 5.965351485977278 -0.28884213436524231
1432 9 0.10580000000000001 -5.6815796185952472 -3.0551847468591147 -9.813084477241409
1433 1 -0.33529999999999999 14.925941690324679 17.050109080522223 8.939997132816627
1434 2 -0.22140000000000001 -9.0603287874246039 -11.457419293439354 11.144710697335714
1435 3 0.20300000000000001 -2.563703815151356 14.624411758625472 24.519207270583372
1436 4 -0.53480000000000005 -40.704970133791647 -41.2466226155111 -13.305253988703717
1437 5 0.1469 34.30009510238439 62.722242858758982 12.59886101242042
1438 6 0.2137 2.8101679450075734 -2.2602723464781564 -6.4492565364202061
1439 7 0.311 18.029886264642773 -5.9927628013173475 -25.865588665832114
1440 8 0.1111 -9.1426501463209284 -22.980270523884343 -26.252446508015204
1441 9 0.10580000000000001 -6.5550588106681644 -7.8784053823104081 15.283229124144256
1442 1 -0.33529999999999999 -9.2654511675143354 -0.30833154918522943 -3.3942164074816272
1443 2 -0.22140000000000001 -8.0433993210397148 -68.489010526086545 -27.045063122011744
1444 3 0.20300000000000001 -21.25351533518139 0.62248915237124314 4.9980461051087604
1445 4 -0.53480000000000005 22.759022180747344 17.486467166303331 5.4044046953687328
1446 5 0.1469 8.8206929581348792 -21.841290499576431 39.141161455740864
1447 6 0.2137 -15.326160329696792 23.47141150621767 -26.030911380197018
1448 7 0.311 -0.3715153138297303 36.750194692176009 -1.7896159896506765
1449 8 0.1111 26.023372667089003 -4.381439958733826 11.95737857970447
1450 9 0.10580000000000001 11.415877249423737 13.894260717529061 -14.371469221141519
1451 1 -0.33529999999999999 -13.801247909226111 -7.2675038955106324 14.246882713055859
1452 2 -0.22140000000000001 26.031225015800693 35.791483595305884 12.516856738839385
1453 3 0.20300000000000001 -33.028720122211418 -28.2990946485913 20.120235300714199
1454 4 -0.53480000000000005 1.0568636790748431 -0.89257540861123819 -27.117268626758666
1455 5 0.1469 28.756115157446327 1.5136302645777775 -9.7617602754616559
1456 6 0.2137 -9.9238995960860521 18.08294668900287 1.3120725042192565
1457 7 0.311 -2.4118073405851326 -15.067492393217922 -8.9661045073627967
1458 8 0.1111 -3.6928867860116763 6.8431300747326489 1.7520044359719322
1459 9 0.10580000000000001 4.5463085445772453 -5.8309784689894908 -4.409601295194812
1460 1 -0.33529999999999999 27.741373631011562 -3.9631781715179422 -20.125503560039849
1461 2 -0.22140000000000001 15.166639073706394 14.684786671806837 -15.499307308621995
1462 3 0.20300000000000001 56.966592921357915 48.414626496638164 7.9812928351590102
1463 4 -0.53480000000000005 -27.953123449050977 -67.072293149187985 -15.622883773399561
1464 5 0.1469 -4.0412079207328615 106.41502630007942 38.947536359114238
1465 6 0.2137 0.1673735517351192 -40.155145375649091 -0.17523363884459345
1466 7 0.311 -18.853270133899347 -13.067919925576478 4.1868301722709802
1467 8 0.1111 -26.601023007379755 -16.884119684011253 0.36264333545048522
1468 9 0.10580000000000001 -23.84035982111282 -26.671751690465747 -1.0775830274852027
1469 1 -0.33529999999999999 -25.397257381024733 23.349283021998136 25.519862291468367
1470 2 -0.22140000000000001 0.66920752905552894 -15.622999286885957 -11.899413938207232
1471 3 0.20300000000000001 33.580847278511158 18.853019811051791 -22.083833796480882
1472 4 -0.53480000000000005 -5.1585318783135632 -37.024945933144409 20.229854655585985
1473 5 0.1469 -18.46553597269541 -29.137582104571429 15.208229729230952
1474 6 0.2137 -4.6264721946789775 -4.9970625833700195 -5.0311248013344043
1475 7 0.311 2.1506970594479577 11.10347449864628 9.5959223777511404
1476 8 0.1111 4.865622714537909 9.7164258734209525 -11.059625215361757
1477 9 0.10580000000000001 15.318700365439664 26.78909304031632 -16.505252275814748
1478 1 -0.33529999999999999 -9.7029808386714453 -7.2359829642667464 7.4382629795996467
1479 2 -0.22140000000000001 1.9698797014264957 -3.3630274996569485 -18.08479568689717
1480 3 0.20300000000000001 -2.7422733924097393 1.076193376940433 15.044552258733756
1481 4 -0.53480000000000005 -38.038242639736723 -3.0318299230092296 -15.098984953355217
1482 5 0.1469 44.490716334112577 8.6477811131542701 -25.214009075738133
1483 6 0.2137 -11.676075298431906 13.31805090732227 8.1379285759576039
1484 7 0.311 23.064404443855125 -11.359993153422881 11.404591560317099
1485 8 0.1111 3.2399401932791885 2.0539034930529505 -0.80633668933492919
1486 9 0.10580000000000001 -22.925214331448373 -4.595241810653885 15.608595306380051
1487 1 -0.33529999999999999 -41.263456466563269 -19.154078422589873 -19.89305781751974
1488 2 -0.22140000000000001 32.649311591593907 21.486110678576999 24.463604954642385
1489 3 0.20300000000000001 33.019024780381692 -13.605556729756312 18.98036067685819
1490 4 -0.53480000000000005 11.428603806063478 2.3761109809196199 -3.4091724880249754
1491 5 0.1469 -6.1205572892616624 6.0456040354513201 20.011265628279869
1492 6 0.2137 13.885168582352991 10.815420996401393 -14.314837282904536
1493 7 0.311 -36.39656840367315 -4.9783363455600442 -25.217543366329128
1494 8 0.1111 -22.743196872686653 2.1002009117881135 -10.27735045697561
1495 9 0.10580000000000001 5.5658260491845848 -4.6919852033152551 7.6233969430442849
1496 1 -0.33529999999999999 54.849839757107077 -2.1528530475416621 -3.3153185579495545
1497 2 -0.22140000000000001 -96.952429511910921 29.654965456795399 -34.51238557986197
1498 3 0.20300000000000001 37.605646307495896 -19.493892381693151 12.967363442540579
1499 4 -0.53480000000000005 -25.937166564199348 -1.905474245788142 -4.884327329795175
1500 5 0.1469 13.169907300723928 -18.266490932467381 -4.248970663307583
1501 6 0.2137 -14.585068304524601 -7.5825896591608153 14.879882882378565
1502 7 0.311 30.505069111175818 6.6357189891843182 44.51493049766318
1503 8 0.1111 18.720811524479906 -5.8593354069885137 -17.171951485780149
1504 9 0.10580000000000001 -14.172085144702416 17.301066117888947 -14.424673304926984
1505 1 -0.33529999999999999 109.78703624109623 -13.993099743756746 -34.38721361964943
1506 2 -0.22140000000000001 -7.0880153839530919 -23.752410122399628 -31.046225072906932
1507 3 0.20300000000000001 -59.624923616748056 -19.569709546221993 17.512457157587843
1508 4 -0.53480000000000005 48.61035594366934 7.3533576338339897 -9.1261054246610556
1509 5 0.1469 -67.357984019605354 5.0143126129583422 27.755949570369069
1510 6 0.2137 -52.426625755783519 8.8906769791388545 23.987671596977698
1511 7 0.311 24.994408069027195 15.193620129400179 1.3061603718986505
1512 8 0.1111 -12.194820942190111 24.748709525425586 13.131447623312352
1513 9 0.10580000000000001 8.5971128036171098 -2.6015992728639215 -17.935673730837841
1514 1 -0.33529999999999999 13.79560934916694 14.051878919847715 54.57175831503902
1515 2 -0.22140000000000001 0.52603924856779705 -6.0761819011021778 -24.299159574168883
1516 3 0.20300000000000001 -1.3330066712103426 -15.09134125845361 -38.910522082922498
1517 4 -0.53480000000000005 9.4118245581240529 -18.245755269166857 50.837915662863402
1518 5 0.1469 -15.352000162891487 52.952317423847838 -35.58266539085448
1519 6 0.2137 -9.7204163281247755 12.512014111529524 -11.935762583502967
1520 7 0.311 1.2784601564670282 -5.0067347091299403 6.8718626422489031
1521 8 0.1111 -0.31859318303611533 -15.333066142808844 -0.16300541614398625
1522 9 0.10580000000000001 0.76728478161854929 -18.603692223846174 -3.3139965639061311
1523 1 -0.33529999999999999 -6.1799738107848095 -19.213339292910995 -14.742040014898611
1524 2 -0.22140000000000001 41.944635094449254 30.352816489776313 20.159010255129711
1525 3 0.20300000000000001 -52.830691946948072 -35.303577283823032 -41.070957083687311
1526 4 -0.53480000000000005 -10.287833968180912 -11.618808902098726 -4.4714249011226839
1527 5 0.1469 3.4558594723217295 26.867793969435439 6.7994461990371482
1528 6 0.2137 0.15546419403718664 15.087787627980491 -4.963594201168104
1529 7 0.311 -11.308346982458332 -18.221962706394454 -6.5741015197133166
1530 8 0.1111 33.216081879272735 25.045899704001581 27.819396662019194
1531 9 0.10580000000000001 7.116146210383798 -18.676274309842064 15.683482396780775
1532 1 -0.33529999999999999 65.34286681758779 23.205942867439067 51.875525805708556
1533 2 -0.22140000000000001 -20.37436443142585 -3.7572487398828276 -2.4103117429853738
1534 3 0.20300000000000001 13.643707367973894 -6.610668054357693 15.176811112695196
1535 4 -0.53480000000000005 0.95079570413656456 -8.0321883024908143 -27.550867601125525
1536 5 0.1469 -33.988465447291567 10.15155685875169 -12.780663416401579
1537 6 0.2137 -9.1479818303828697 -6.0711454207173876 -25.924062848224189
1538 7 0.311 -3.6848420945269429 0.78782811274907416 3.1190774328838562
1539 8 0.1111 -14.311205007587112 3.2049861217896995 4.9117573339402032
1540 9 0.10580000000000001 12.118067546981212 -5.4439958906414487 -8.0105718239622057
1541 1 -0.33529999999999999 2.1908157018817365 5.5305140306105898 -24.190063698285815
1542 2 -0.22140000000000001 29.303238759626822 -14.174895376944361 88.493902246010961
1543 3 0.20300000000000001 -17.618265041434629 4.9574128411500471 -32.161881130102302
1544 4 -0.53480000000000005 -10.551412255671098 2.436991002049802 6.0270426111662241
1545 5 0.1469 -4.7964285191252927 8.7693223330308658 -6.9768631320095276
1546 6 0.2137 4.2607340996311507 -7.7642269345312638 0.60654146654120078
1547 7 0.311 -5.3419034256302105 -4.1444413042949879 -20.551425453960171
1548 8 0.1111 -2.1154740552640279 11.864784171894655 11.117408607990525
1549 9 0.10580000000000001 12.852427349367833 -9.2835349081616947 -27.052079604701191
1550 1 -0.33529999999999999 -4.9302077138797555 24.570881694696514 -14.129633260472099
1551 2 -0.22140000000000001 -8.9198438393082622 -63.198229968790962 36.881920355844414
1552 3 0.20300000000000001 -3.9940291042393352 -25.573778110894878 -51.631142324868321
1553 4 -0.53480000000000005 -3.8990172241179506 0.12910850237648955 69.670801362401946
1554 5 0.1469 28.91120483968265 44.292146472830787 -0.44075367656611991
1555 6 0.2137 5.6977736304587179 -8.7478210806379284 -12.894406811873536
1556 7 0.311 6.3974373589166795 23.69039126890824 -9.1278280105657643
1557 8 0.1111 -5.6259662904528414 19.431423930821815 -3.236425130231726
1558 9 0.10580000000000001 -16.62634294600289 -3.5685923991774877 -15.342693395721984
1559 1 -0.33529999999999999 17.702793864036241 58.184738050009578 -12.109485224583837
1560 2 -0.22140000000000001 -17.456082474014416 -36.782091759483855 17.045352338237539
1561 3 0.20300000000000001 12.019595711258692 46.566581037491112 9.2677158465914768
1562 4 -0.53480000000000005 -9.2152994555160941 -30.665317505232974 6.7326158974373236
1563 5 0.1469 -18.954149778760893 -78.730282887359465 -10.699177611686885
1564 6 0.2137 -1.7744817610103112 8.9608032655791163 -2.5289607502875611
1565 7 0.311 6.3022682139811499 24.770652262356176 3.8360770487306222
1566 8 0.1111 8.1381585929587654 16.593328073891936 -23.506803235302375
1567 9 0.10580000000000001 1.8760769006225173 -10.603384061735401 11.317730492913546
1568 1 -0.33529999999999999 43.527929692893792 -6.3115016748724972 -19.591942198965864
1569 2 -0.22140000000000001 23.322076749807994 -2.4880713152392104 -10.493741406992696
1570 3 0.20300000000000001 -48.283959420615652 -1.2614465105884636 -5.4208933588900399
1571 4 -0.53480000000000005 24.874479475227421 -0.67495806132351699 20.951091405430827
1572 5 0.1469 -21.027160733066403 19.465035711665493 23.794103438501306
1573 6 0.2137 -15.813637085841806 -1.9955993845654123 7.3788853877756235
1574 7 0.311 -16.236825475603947 8.9658309207598705 5.6557728305340476
1575 8 0.1111 26.144411880093244 -1.0153166766792041 -7.0075106117145456
1576 9 0.10580000000000001 -10.645474069737521 -12.190078472467128 -2.991182075864157
1577 1 -0.33529999999999999 -18.389457798059773 20.945859881306191 -19.126144429873278
1578 2 -0.22140000000000001 5.7317304937848377 5.2855875180979233 33.519543253822569
1579 3 0.20300000000000001 9.4104667171443523 -73.955387045497545 -47.468139371847926
1580 4 -0.53480000000000005 -7.1969748369795239 4.4032099953518928 -29.274437144087937
1581 5 0.1469 10.08280366981945 29.75157607415796 55.400804348955134
1582 6 0.2137 -7.6195954669717443 11.16002358877779 -0.61504377278765876
1583 7 0.311 9.8455725112797126 -2.6067794791451422 3.574158725573318
1584 8 0.1111 -10.836469875149978 29.210558189495423 7.1045542534562642
1585 9 0.10580000000000001 13.607166524506409 -21.516491239480633 3.7224108741792579
1586 1 -0.33529999999999999 2.8711121718297488 -9.9001374704359328 -9.9995990976190257
1587 2 -0.22140000000000001 -49.932668617829925 -5.3049180441597192 -17.062995327049308
1588 3 0.20300000000000001 25.592795730236638 -0.92100011027451867 15.354873255032869
1589 4 -0.53480000000000005 21.727908680314822 21.64392736129248 -21.301120161394678
1590 5 0.1469 -7.8946707215450029 27.097045510239791 -9.180227024389362
1591 6 0.2137 8.2524354560077597 2.4735728227268159 6.9603943731981941
1592 7 0.311 -5.6558632345384474 -16.093166410742775 15.757113467377007
1593 8 0.1111 5.6673600157048742 -1.1408344690552874 5.0135010415819625
1594 9 0.10580000000000001 -2.3289297845787207 -17.595918563720016 10.297324967396074
1595 1 -0.33529999999999999 9.0159154013826086 8.9189253102278983 17.922138510365414
1596 2 -0.22140000000000001 35.61734848595902 1.6524445402846075 19.737762228712224
1597 3 0.20300000000000001 13.848022498740134 21.413290184494933 -5.5922314136928497
1598 4 -0.53480000000000005 -28.062054334196908 -3.2165302614017692 34.163005136370259
1599 5 0.1469 -1.5233694599237082 -29.961487436396389 -38.552816855641844
1600 6 0.2137 -2.6450671272131498 -2.6172960502629281 3.9992583261092878
1601 7 0.311 -35.505567375893676 -0.56724539142476338 -16.067821204839262
1602 8 0.1111 -2.3503198547761892 -8.2476290263268179 -18.421060022161683
1603 9 0.10580000000000001 11.74569284975386 18.128002752955901 10.327582676436291
1604 1 -0.33529999999999999 -21.113457837234233 -18.623394220211576 5.1981855659003235
1605 2 -0.22140000000000001 19.206194059944693 -2.3332510884997313 -16.30850315559805
1606 3 0.20300000000000001 -4.3079988405884535 7.7632123465233791 -33.205040855500982
1607 4 -0.53480000000000005 -4.1171886953686334 -2.2016842827663083 8.7700823146768396
1608 5 0.1469 -0.49628600682014895 -14.862242310293352 28.206876254874096
1609 6 0.2137 9.0003929389283037 1.2664875994910274 12.322599498745921
1610 7 0.311 -2.8033980981580946 4.0184623500501573 29.739790954324796
1611 8 0.1111 6.9808854154623994 5.3540409265981248 1.8959852811236586
1612 9 0.10580000000000001 -0.080933524683661995 12.408438831456639 -26.186367477544785
1613 1 -0.33529999999999999 -6.6195132391276692 88.953114112299062 8.46003616247474
1614 2 -0.22140000000000001 -17.116135129423945 -31.495998015745634 11.810375193502445
1615 3 0.20300000000000001 50.45589411067381 36.581562636514192 -12.478835825604236
1616 4 -0.53480000000000005 43.751685861890046 13.050213820231113 -47.420698052478016
1617 5 0.1469 -35.555780962914056 -65.341940056466925 22.86220278344954
1618 6 0.2137 -1.5982912108764322 -23.378728381969946 4.3253104518866179
1619 7 0.311 8.2288641512362553 -10.179125585928402 -9.7679429681890966
1620 8 0.1111 -33.393106545173886 -2.7592054141476754 12.150469642221815
1621 9 0.10580000000000001 -3.729223141874185 -2.9890403501838128 3.0533181932666009
1622 1 -0.33529999999999999 19.144872547348374 11.375018407644175 42.913433101674173
1623 2 -0.22140000000000001 -40.587858664268403 -47.182040076565109 -57.537644014281049
1624 3 0.20300000000000001 78.907138465534956 39.11835710117618 -43.864032728547365
1625 4 -0.53480000000000005 -0.3830683132176278 10.023892138373219 21.973656661545643
1626 5 0.1469 2.0484378728829298 -9.9059093900830071 7.9768188663823905
1627 6 0.2137 -14.894548608879083 0.55340719363937985 -17.161453056700008
1628 7 0.311 6.5633212754663282 13.390179439695705 37.94808495003069
1629 8 0.1111 -56.519174731314422 -14.073142465511872 38.480772832251169
1630 9 0.10580000000000001 2.2606096217137215 -1.4995363622044311 -24.940183590396185
1631 1 -0.33529999999999999 -15.115372866107105 13.389375975520439 4.0010313873461616
1632 2 -0.22140000000000001 15.398341884594998 -26.612180194362079 12.124863206828442
1633 3 0.20300000000000001 -73.100972208591031 47.182323803417013 -70.39546212332057
1634 4 -0.53480000000000005 36.447264311905698 -1.9686519340263315 52.515334938248273
1635 5 0.1469 35.241840246509014 -58.643020772333081 -26.027684596718558
1636 6 0.2137 -6.6161251810293074 22.321287882897316 5.0074652525841294
1637 7 0.311 9.2288447544439922 -3.4610286639615975 2.8918112627640888
1638 8 0.1111 18.827472852573635 -19.461289357370152 7.9591126040381672
1639 9 0.10580000000000001 -14.943872172626481 24.460067257228786 8.8335870053268994
1640 1 -0.33529999999999999 0.77506623530533536 50.956895123152201 -28.860624884166711
1641 2 -0.22140000000000001 -46.983777405588327 -14.909513992672231 1.3258432651873968
1642 3 0.20300000000000001 -30.698038022270762 -2.8426113601844425 27.053907131413197
1643 4 -0.53480000000000005 43.208816797497491 11.009631237447721 -5.6982597157242409
1644 5 0.1469 3.7833913670159163 -4.2930137049555865 -4.9190601488391126
1645 6 0.2137 14.433309356216462 -23.023274618916712 13.358484991325408
1646 7 0.311 10.615423762084475 -11.247498378598841 15.492484908274287
1647 8 0.1111 23.462136263310612 -7.7037314535809243 -12.310565488105954
1648 9 0.10580000000000001 -27.303121801243883 -0.86044179228815854 -2.9499647030808638
1649 1 -0.33529999999999999 0.26832426769825285 -17.284226130814968 15.014494563458506
1650 2 -0.22140000000000001 17.110427186822086 -17.528160347458201 -39.575948099975164
1651 3 0.20300000000000001 -16.271017034179707 -0.56316881129062624 48.452362848700346
1652 4 -0.53480000000000005 -6.313121685183372 -3.0877212515371775 9.345052593487388
1653 5 0.1469 10.114582018055989 -2.8129091286989172 -17.065163231249759
1654 6 0.2137 -6.9704652991123632 33.874437569799944 -13.042861234207106
1655 7 0.311 -5.1231860246485628 18.703947937012874 19.883672407619379
1656 8 0.1111 10.275254479738505 -6.6971542589596407 -14.71790902659049
1657 9 0.10580000000000001 0.66799480618295448 -7.2713467311570348 -7.6656435084059362
1658 1 -0.33529999999999999 -6.3139459694187332 5.2021640154493287 -9.2783287119174265
1659 2 -0.22140000000000001 -11.280853603847014 -15.795113038999263 14.980895617876149
1660 3 0.20300000000000001 19.507171430151605 35.563793554268116 3.7111619346837119
1661 4 -0.53480000000000005 5.9078279819659532 -54.35976056413157 13.115271616131508
1662 5 0.1469 -28.700179487423622 45.02045771299953 -7.0084820282935203
1663 6 0.2137 10.572223035060478 0.81896016290917972 17.035115913335741
1664 7 0.311 6.9979274887676608 -9.955002623253602 -12.008164966182433
1665 8 0.1111 -8.2147601927637357 5.1248658697665919 -3.8464285156174944
1666 9 0.10580000000000001 3.2890901187148374 -10.877339696625029 -14.226470010936813
1667 1 -0.33529999999999999 7.1391833217986065 38.583445991377452 12.344608104762502
1668 2 -0.22140000000000001 -6.9625824440094837 -30.036598333253593 4.8741742298718389
1669 3 0.20300000000000001 25.059580308779537 5.790612192027548 43.887479518834859
1670 4 -0.53480000000000005 -31.517529426349867 -35.084102573287353 -51.550110759052245
1671 5 0.1469 16.589714641221594 30.69776108930467 17.567903988748018
1672 6 0.2137 0.81150493896104492 -21.037968992306801 -2.7925843633932179
1673 7 0.311 -4.6081838247701574 21.260147400953514 -24.357217650657851
1674 8 0.1111 7.5338947340289337 -20.336447985666489 -0.11630111632892919
1675 9 0.10580000000000001 3.8333435332197503 5.7268549435317047 -1.5234760119575828
1676 1 -0.33529999999999999 16.237983559303633 -37.213554145323961 -15.508782392314959
1677 2 -0.22140000000000001 -23.199064824904426 0.76731799912701903 4.1511726317409483
1678 3 0.20300000000000001 -3.9776288354258602 30.72895574932609 24.943838759415147
1679 4 -0.53480000000000005 -20.199462185991035 -21.867259119208111 -5.048896258580081
1680 5 0.1469 2.0045543969643123 -2.0073412020060428 6.7293994029113433
1681 6 0.2137 9.1413787748324378 7.6579171208982366 -0.86149930198114311
1682 7 0.311 -2.3222774788499296 -3.8028235738027356 5.9784537280871319
1683 8 0.1111 15.334631408405038 -3.0681828270827753 -12.776027779794923
1684 9 0.10580000000000001 3.9474016273577197 25.022024564651232 3.5466314145977198
1685 1 -0.33529999999999999 12.937172708225125 22.964497638475009 -57.283193681341295
1686 2 -0.22140000000000001 -17.788168991311295 -3.4543459194525088 62.243837701931781
1687 3 0.20300000000000001 68.154469939971847 -37.013863164553079 -44.041132167151545
1688 4 -0.53480000000000005 -28.793563261224158 17.318638863326534 -7.288756653429461
1689 5 0.1469 -0.5703521259678519 -31.670409269459757 4.2156588812842148
1690 6 0.2137 -16.798418624788646 -15.845299372178939 27.896760740873891
1691 7 0.311 4.440436492964035 -3.3976315402724588 -3.4751709952412639
1692 8 0.1111 -29.239329915960749 18.492417799491019 10.266141499518019
1693 9 0.10580000000000001 -6.595646277061376 31.499402040572161 2.7241895037915249
1694 1 -0.33529999999999999 -31.382893224119531 8.9411444251821663 -38.92173432136547
1695 2 -0.22140000000000001 47.036243376094184 -37.522731534947773 52.175673808866634
1696 3 0.20300000000000001 11.402481794183567 33.613744917769402 4.5199505852570097
1697 4 -0.53480000000000005 -21.895326417085808 14.246201708595551 -16.43699059636295
1698 5 0.1469 26.957628430136523 -25.949616316705789 12.580947557299998
1699 6 0.2137 -4.5554279883057704 -4.9410986190747739 6.5247779441851632
1700 7 0.311 -27.978818230761444 33.463484806968474 -33.268969951397835
1701 8 0.1111 -5.94270775594486 -21.49173728534765 -1.7650160556195735
1702 9 0.10580000000000001 1.9597543548723249 -1.5009957479685587 10.57779131446161
1703 1 -0.33529999999999999 -8.2917896656439662 2.9192126602791761 24.519880159958934
1704 2 -0.22140000000000001 -19.318524705777552 -50.369833393856126 -52.114333953336185
1705 3 0.20300000000000001 18.85376887443072 42.181348883396289 41.589455484516918
1706 4 -0.53480000000000005 -5.6063229026194108 -8.1643731549706811 -0.5496029885240804
1707 5 0.1469 -18.31648816466463 10.616914914668794 -10.592817246231466
1708 6 0.2137 -0.83889954634156239 -10.027474547620132 -4.1668867427467671
1709 7 0.311 5.0939087528417506 -2.8385282480639922 1.5553009632533783
1710 8 0.1111 16.23614872826105 16.854315631743813 -12.190963602784722
1711 9 0.10580000000000001 12.911541760795526 -0.14894128753955266 10.004626560686731
1712 1 -0.33529999999999999 20.612627653675442 -28.192061576413764 8.2276958540485516
1713 2 -0.22140000000000001 -0.31624513179312758 20.987389635075274 31.847666361331537
1714 3 0.20300000000000001 51.375017747452539 -17.232271735534741 56.664992580842842
1715 4 -0.53480000000000005 -18.06972807751632 1.5845492593483503 -57.296535852669301
1716 5 0.1469 -6.9564003815458477 7.4549117396741309 -8.8781749828791057
1717 6 0.2137 -9.166793664786498 12.577252759455698 -9.0670972057616979
1718 7 0.311 -14.053951181885742 -7.867673818656133 5.8743967480562986
1719 8 0.1111 -8.2573471906356488 6.4564119188221563 -7.5250027775096298
1720 9 0.10580000000000001 -12.442615958710313 6.1850486521852215 -16.636286345815087
1721 1 -0.33529999999999999 -17.383160021742512 6.6509232272616634 13.132375863179258
1722 2 -0.22140000000000001 -7.1663169314721076 32.432741340540936 -2.6531315229894705
1723 3 0.20300000000000001 -68.084853343515661 25.49157720226426 27.976340055917525
1724 4 -0.53480000000000005 61.088081601425209 -23.937128557562772 -23.533746888633573
1725 5 0.1469 -14.348978363579658 -27.480310210854107 21.559590062242808
1726 6 0.2137 1.5857803816544307 15.618115476190768 -0.45940213329102908
1727 7 0.311 8.0282461981095263 -0.66988454212980419 -13.097206537819666
1728 8 0.1111 23.330567719453576 -7.4232859591544731 -9.12822030265853
1729 9 0.10580000000000001 12.577016582822846 -18.987754581331497 -18.844335220101772
1730 1 -0.33529999999999999 3.4398400510885483 45.900787629318465 -38.232705845583105
1731 2 -0.22140000000000001 2.8641328698628259 -74.150487979704636 41.334722231577196
1732 3 0.20300000000000001 -32.098153107568208 101.18808313757611 12.249568441562488
1733 4 -0.53480000000000005 34.415386647332234 -43.1775544198183 -39.690825034298562
1734 5 0.1469 -24.205374102078093 4.7294015531604989 -3.6799936189910576
1735 6 0.2137 -5.7958311727279153 -9.1562103823787098 16.060365545506802
1736 7 0.311 9.5767487530640825 4.9047970946025847 -9.3189440898273421
1737 8 0.1111 -5.7582139866874478 -10.540427592592296 2.7006416971954534
1738 9 0.10580000000000001 14.846369315652259 -14.647681435816194 13.877622117369361
1739 1 -0.33529999999999999 18.099803564448127 113.38094712191923 -14.177887159223459
1740 2 -0.22140000000000001 12.024499987678912 -9.3960480153747223 26.978849933804945
1741 3 0.20300000000000001 -31.327553049893147 -67.791056628554102 -22.086158855275869
1742 4 -0.53480000000000005 6.0345822072781621 54.228596673755185 7.1795450932774836
1743 5 0.1469 -43.64266277730863 -96.817836041117744 -14.230150913460129
1744 6 0.2137 -5.4346675346463664 -24.706871329076723 4.8078943037874948
1745 7 0.311 -7.5395279992407866 3.6117458181591524 -8.1395322630940452
1746 8 0.1111 31.112621016531875 19.271258896953174 12.790074821089876
1747 9 0.10580000000000001 19.426288497806471 6.4124007772280569 5.4179708488322662
1748 1 -0.33529999999999999 -51.759506643663485 52.162359477695972 -15.377323695521781
1749 2 -0.22140000000000001 13.375552148622143 7.5827270066974153 2.820404590388105
1750 3 0.20300000000000001 -11.616203678036246 -56.26939671556201 -33.925675794175937
1751 4 -0.53480000000000005 -17.401371292021995 65.925471604689861 41.946228268488056
1752 5 0.1469 55.807825459600068 -88.618783198737759 -46.148876483834272
1753 6 0.2137 17.373702054683157 -13.637944959992236 9.633608602108767
1754 7 0.311 -9.6275496892022066 15.493251033044562 3.3916775094770544
1755 8 0.1111 12.417740476845889 -19.629688717193325 -9.4475219394712866
1756 9 0.10580000000000001 -2.5054995378518861 33.134157988517359 47.420072724272607
1757 1 -0.33529999999999999 -7.1912845560455718 30.112710589852931 -63.514567974432957
1758 2 -0.22140000000000001 -8.5139875332468904 22.116731535863074 -2.6559264522826629
1759 3 0.20300000000000001 0.85194785064603007 -21.232403950215591 5.0783204631201153
1760 4 -0.53480000000000005 41.954741202771643 -13.388431018343653 -21.32345738722217
1761 5 0.1469 -40.294211871802503 -14.87851797353084 88.962821041312395
1762 6 0.2137 -7.2035912157421675 -8.7521732211139813 22.298342935278257
1763 7 0.311 7.1855764461609315 -14.441512676586674 10.024406007614017
1764 8 0.1111 -0.50245607245690338 -2.9696841014074642 -2.8245403862321403
1765 9 0.10580000000000001 -1.6010159132770594 9.6403840133049563 -35.302195973293088
1766 1 -0.33529999999999999 -21.175436688579325 4.0542509284961907 -17.397931209562337
1767 2 -0.22140000000000001 -16.493871319636934 -38.658133972622309 4.2507024383086005
1768 3 0.20300000000000001 58.018911814814118 -20.401382527695063 18.099682121050982
1769 4 -0.53480000000000005 -68.817528948003329 19.772045763169356 -14.932209742398067
1770 5 0.1469 43.480874157182711 31.163651503744376 5.7988484084046101
1771 6 0.2137 18.082937504764939 -14.598127646962912 7.4762308520398184
1772 7 0.311 -11.079884408008743 32.825222110471792 -2.8505147559873931
1773 8 0.1111 5.4886885822830411 15.354471802969298 1.3996087520798004
1774 9 0.10580000000000001 -10.569572332877073 -27.121799156898806 -5.0174989106507413
1775 1 -0.33529999999999999 5.3393404896237451 16.452032208041032 -33.808998127210522
1776 2 -0.22140000000000001 -23.865354498018753 -5.9858217855759497 -37.341698834287463
1777 3 0.20300000000000001 -19.100019510357274 11.836778088811444 -16.259109278920057
1778 4 -0.53480000000000005 22.194211723907049 7.9226391781671399 -6.2121354668075863
1779 5 0.1469 -6.0344763254096607 -16.53957826397712 -3.4057326993396324
1780 6 0.2137 0.042470302207843168 -15.046902519555056 14.188995466853099
1781 7 0.311 -22.990588518989252 -20.303319273339596 47.572864225964004
1782 8 0.1111 34.759466260905398 2.0591585334039695 36.291137133147295
1783 9 0.10580000000000001 1.3228630759360362 10.43305126553927 5.2451582881174899
1784 1 -0.33529999999999999 -8.6180027001003658 -1.0043943733266978 -62.116510471874875
1785 2 -0.22140000000000001 -22.591489573372325 10.453352194319169 5.7380695828502555
1786 3 0.20300000000000001 26.730846419790009 5.0166623222682656 29.093663591976814
1787 4 -0.53480000000000005 -23.511192240083304 -10.774579832369589 -12.158551792843454
1788 5 0.1469 0.91651826766246292 2.3281351128952537 35.721875928861635
1789 6 0.2137 -19.169845345804102 -13.551766923013002 15.828319734043669
1790 7 0.311 1.3041993696518077 -6.20335529784432 2.700929327279368
1791 8 0.1111 20.349486473703735 -6.0271199400499951 -11.43669220453744
1792 9 0.10580000000000001 29.319911098468584 2.3300531173728873 -9.4911335536224826
1793 1 -0.33529999999999999 34.787126159722568 -2.8846134679512088 -1.7962776368920674
1794 2 -0.22140000000000001 -35.083234201868486 28.883651157996798 20.054371813358816
1795 3 0.20300000000000001 -64.074476361711191 -43.970890119076003 -22.642652467916594
1796 4 -0.53480000000000005 9.5748711701210603 -3.1936635964916529 -8.2037905629582788
1797 5 0.1469 -8.1266677101703628 19.021703209139879 21.140363281686543
1798 6 0.2137 -10.748161758958325 -14.584079228322087 -12.084618606634765
1799 7 0.311 9.7976911444806252 -9.7464229549220178 -10.334055744682976
1800 8 0.1111 30.084843701301885 23.540285253769579 16.869137710294162
1801 9 0.10580000000000001 36.592314055186151 5.8038726244756482 -0.34673154520904664
1802 1 -0.33529999999999999 20.508751191820554 22.835864361542601 -5.2209238294742972
1803 2 -0.22140000000000001 -18.182944480565638 -17.213238237810099 -19.976133016990616
1804 3 0.20300000000000001 55.733684919165505 -11.689117484687491 -13.856060421762173
1805 4 -0.53480000000000005 -25.857847414260235 -25.259726834477135 -17.330908472774546
1806 5 0.1469 34.668848521063332 47.292169881148617 16.23815798989617
1807 6 0.2137 -10.734401834341659 -11.513066791495161 -2.169360100178781
1808 7 0.311 -24.635812681571689 -14.939293551128827 16.883481670625571
1809 8 0.1111 -39.910856051057266 21.263527856460115 22.457598594379327
1810 9 0.10580000000000001 8.7982069621769021 -10.758144695375824 -1.9804985072765247
1811 1 -0.33529999999999999 12.11841939918871 24.520366705430714 -22.309136021410634
1812 2 -0.22140000000000001 -3.4604513546267039 -46.317121879274701 63.823072707428828
1813 3 0.20300000000000001 -91.54894102296366 -61.235219566108434 14.152337094147676
1814 4 -0.53480000000000005 21.66402122120833 43.030346516044396 -35.858601587003463
1815 5 0.1469 14.080803683551304 -6.6629028433899924 -18.900295687638998
1816 6 0.2137 -4.7173664674269178 1.3881813786200841 2.3083650033650325
1817 7 0.311 -7.7602385649406642 0.62070187728592285 -2.3081026987499031
1818 8 0.1111 73.021289266025235 37.219824184315669 5.6029609455454628
1819 9 0.10580000000000001 -14.394671492803239 3.6906209209974832 6.0028259661105423
1820 1 -0.33529999999999999 -42.512611996336901 46.730735628130049 -1.9764213051174986
1821 2 -0.22140000000000001 -11.702673498353306 6.3405434477349338 16.594601362766529
1822 3 0.20300000000000001 96.841550694803047 -3.2825337330358759 -14.554394995715509
1823 4 -0.53480000000000005 -42.851377921810247 8.922196324432921 -6.232216930566052
1824 5 0.1469 20.612038961063377 -31.449354922421975 10.582793455942939
1825 6 0.2137 3.0052669740549249 -7.0626159718031607 -0.42110598721885972
1826 7 0.311 21.052935289492304 6.7870354560294111 -7.5176764119621584
1827 8 0.1111 -35.228731416887889 -7.0112823489610276 5.8983386747359088
1828 9 0.10580000000000001 -16.1925910987589 -11.412368374784061 -4.5729815033660959
1829 1 -0.33529999999999999 21.909652912109653 7.7334472871932673 -1.4316955198624288
1830 2 -0.22140000000000001 12.170299105823716 -0.19123376185530838 -7.5751855590476058
1831 3 0.20300000000000001 -0.82809307515617858 2.8411048595542812 -5.2938805651292826
1832 4 -0.53480000000000005 -64.713044433699423 0.044746297360475126 15.039160702043397
1833 5 0.1469 47.922168756360094 5.8908471029442619 5.0639163368659634
1834 6 0.2137 -20.484553475686475 -2.7273375493033791 -6.4687845422113561
1835 7 0.311 26.147386863269656 0.33516390307252586 24.949270473149294
1836 8 0.1111 -28.560814833046436 -3.6824466651375367 -5.8076476392793674
1837 9 0.10580000000000001 1.2241401521973838 -8.1516499022993898 -23.670080568366004
1838 1 -0.33529999999999999 -64.021996237614388 5.9223209392654725 29.088370186789227
1839 2 -0.22140000000000001 -45.219623751375131 38.752860654266691 36.161011297263144
1840 3 0.20300000000000001 49.985819678081143 34.361902111130462 -8.5804566706846845
1841 4 -0.53480000000000005 -16.757619521301798 -28.457737964912177 -11.5156822989481
1842 5 0.1469 22.395522630227379 24.458784446205208 -6.5211725180453035
1843 6 0.2137 42.410128369470378 -60.635858415632484 -41.908087031147737
1844 7 0.311 19.65876461719839 -10.091517616505048 -19.91301939130954
1845 8 0.1111 -19.94114961981554 -20.301083323352604 10.401286863746998
1846 9 0.10580000000000001 20.113779511943203 19.957861332834838 28.326173640153382
1847 1 -0.33529999999999999 -22.328489519250638 17.081478742536696 6.8694366418431585
1848 2 -0.22140000000000001 48.169965691384093 -15.208329464841153 -9.8001828600408629
1849 3 0.20300000000000001 -47.629235978893377 -24.08257981913507 -7.8226500380903934
1850 4 -0.53480000000000005 25.258401045936335 37.172601469869456 10.547190999175065
1851 5 0.1469 -14.321792624944814 -41.116749192462507 4.4221473685992576
1852 6 0.2137 8.2438065409681638 9.6527516545926595 4.1408834385259317
1853 7 0.311 -0.29469341399817106 8.7944685137526246 -2.3567954254674159
1854 8 0.1111 -1.4094388916511049 -3.3263693095609348 4.0204847457529063
1855 9 0.10580000000000001 1.075025465871789 6.4041236556128043 -13.473281458522704
1856 1 -0.33529999999999999 -68.205284514836478 25.846404046905359 -39.491625386561338
1857 2 -0.22140000000000001 -5.619728932783989 -16.736924064287432 8.5509568804646516
1858 3 0.20300000000000001 46.084230017537273 6.2734150235491137 13.899628551131689
1859 4 -0.53480000000000005 -20.205098039233516 -7.5293390066485575 -10.040706460121687
1860 5 0.1469 35.580291808757565 -7.7796084894969262 55.068642978051763
1861 6 0.2137 24.992507252453116 -0.04899926402687628 -1.2466920305430127
1862 7 0.311 -7.2411878368022986 0.60502060935920454 3.3424696519963475
1863 8 0.1111 -2.1067183812352259 8.1730162047161219 -14.302217640929999
1864 9 0.10580000000000001 -5.7392242026732756 -13.161837661928287 -12.189940551756555
1865 1 -0.33529999999999999 8.7545274863927514 -5.2306516165450274 -3.62532362655607
1866 2 -0.22140000000000001 11.262841474749161 -14.27160579019611 7.243702437109568
1867 3 0.20300000000000001 -14.814814176642436 22.376878091849449 7.0421904379564344
1868 4 -0.53480000000000005 -38.326337639121164 -7.4406676291579803 18.93379811965697
1869 5 0.1469 9.8609026251927023 -27.78048876630962 -13.641908278603397
1870 6 0.2137 -18.953004787497154 5.8070088999635328 3.6794865766018789
1871 7 0.311 -1.9308572384055007 27.395232074666968 -12.821910674146103
1872 8 0.1111 38.62248659127313 -11.750343343201566 -14.156953661937523
1873 9 0.10580000000000001 6.9071459608124091 13.631720258101407 7.4475588064114389
1874 1 -0.33529999999999999 35.763900598624382 -38.933441466325824 -22.139618257397601
1875 2 -0.22140000000000001 -40.071808602850268 42.555753381363552 25.290586192952457
1876 3 0.20300000000000001 -12.823858492106348 13.708276615324262 23.58891748551218
1877 4 -0.53480000000000005 0.030911181146249855 -38.204880564658126 13.791962117557164
1878 5 0.1469 -13.452626056099914 21.456540742644503 2.7438223461052349
1879 6 0.2137 -4.0108468310334926 11.385959883664281 -7.7876284273691585
1880 7 0.311 33.25230668996192 -33.116034837836736 -19.762350505110458
1881 8 0.1111 1.1028874930851655 8.3404926486723543 -9.7772055668981732
1882 9 0.10580000000000001 -4.2806757217772082 15.939552145574877 0.42623600761079589
1883 1 -0.33529999999999999 19.065783194938998 -71.280189743053526 8.782045624887477
1884 2 -0.22140000000000001 9.2612066653652274 22.039129614029303 -54.608690490300098
1885 3 0.20300000000000001 -0.078134410050781061 -16.846376554003029 -20.938572795028779
1886 4 -0.53480000000000005 20.567892349641333 -1.4073178749325941 22.992294235946062
1887 5 0.1469 6.1356952125069988 20.970842491909295 -24.08617849249077
1888 6 0.2137 9.442306156241246 16.518094067655994 6.4779319073004995
1889 7 0.311 -16.028696863734766 12.902186631497495 23.660362601036265
1890 8 0.1111 -14.15458902624122 0.85194696061498343 34.5783758851926
1891 9 0.10580000000000001 -30.572102081504362 17.283108379227876 3.3046208509408626
1892 1 -0.33529999999999999 37.829484314616629 -12.567209928301052 1.0099861746929859
1893 2 -0.22140000000000001 -34.366056777941196 3.6436429340178522 30.29780194504405
1894 3 0.20300000000000001 28.851304304290565 2.7218988703450622 -11.90113749119387
1895 4 -0.53480000000000005 -40.320425225766918 2.2070509609670173 -76.554610010315599
1896 5 0.1469 -17.666988742765984 6.6013609472135997 44.573855214381673
1897 6 0.2137 -6.8062243878907891 7.2577712235992955 -1.4029362456410415
1898 7 0.311 -2.4585508140060766 5.0865138412077364 -26.591303742361596
1899 8 0.1111 15.605192681136485 12.210821082889101 22.35595324805929
1900 9 0.10580000000000001 30.090880762028824 1.0154161569914755 18.517523018545493
1901 1 -0.33529999999999999 52.609504599667616 4.3276334125787521 -44.641213063858892
1902 2 -0.22140000000000001 -26.710849314114203 -4.9235152084390865 -36.203780661861259
1903 3 0.20300000000000001 51.060481718230868 11.683134764897737 43.258162815984946
1904 4 -0.53480000000000005 -19.371616249659571 1.9289321798024737 2.599091632364912
1905 5 0.1469 16.561363020406752 -1.0863705604372804 -30.391515163465225
1906 6 0.2137 -21.351996097627616 0.0014178971288947666 21.861041782390878
1907 7 0.311 6.299339337229064 -0.47500794135347713 3.2203008648945834
1908 8 0.1111 -31.631344514189252 -7.6908291252976939 -7.6974953556635919
1909 9 0.10580000000000001 -29.491546938140047 -0.58111314442773931 47.501930938866444
1910 1 -0.33529999999999999 -48.800921454335281 -27.873876662365507 28.227604886099595
1911 2 -0.22140000000000001 73.429792097330278 35.777695602110377 -51.7373855269635
1912 3 0.20300000000000001 -6.5046157083047627 -34.416258045527023 -10.537097845389344
1913 4 -0.53480000000000005 -5.2253176946458373 3.5394830251985856 4.1504002463785472
1914 5 0.1469 8.9579143829025547 14.134042736285851 27.002544975967432
1915 6 0.2137 10.388503600318353 21.570233047543464 -3.3997878205990038
1916 7 0.311 -8.8243972135597595 -10.687420877301088 12.36797786074095
1917 8 0.1111 -8.5089043732884182 -1.8640495776539261 -5.0697673740314473
1918 9 0.10580000000000001 -13.27526990734599 -0.3634631937058409 0.73016266595132118
1919 1 -0.33529999999999999 -39.030241232728628 -11.391386018199373 24.218175206239682
1920 2 -0.22140000000000001 1.1014598463701615 -21.720794911561612 -4.5442400867004844
1921 3 0.20300000000000001 57.964086101063344 10.577244476487913 45.208779176754909
1922 4 -0.53480000000000005 -31.694339133314891 -2.2642276226781131 -21.697109029302371
1923 5 0.1469 28.359457446896968 -21.048941201387791 -2.5464171275469538
1924 6 0.2137 30.870810645765221 17.941632505608446 -9.4644124348370049
1925 7 0.311 -2.5605165427777861 21.685247253098218 -23.30805492720447
1926 8 0.1111 -31.14200041420537 -5.9344646163188663 -13.213906218953875
1927 9 0.10580000000000001 -6.1381957672016982 11.670451474526908 2.5015386141740019
1928 1 -0.33529999999999999 13.589700995627222 -2.9224377205771153 -26.466474043937364
1929 2 -0.22140000000000001 39.732412940866794 -33.207199772656224 -50.784090051820669
1930 3 0.20300000000000001 -39.959795137893757 11.0652871248873 53.919752765581251
1931 4 -0.53480000000000005 28.914797818366647 -16.792711021597995 -30.230435405744036
1932 5 0.1469 -61.703686970048913 32.748224968074055 -10.913246605931779
1933 6 0.2137 15.81927590171906 -9.0895288588119723 44.786582816162202
1934 7 0.311 -21.6466953522525 20.497963146110699 3.3151314867266617
1935 8 0.1111 7.2158233439760791 6.9868072952446187 27.585638944502442
1936 9 0.10580000000000001 20.536750516142494 -7.6939274827284754 -9.1836755030132089
1937 1 -0.33529999999999999 -16.940160478366536 -32.900099433099882 -42.073746061119728
1938 2 -0.22140000000000001 13.180573458239436 -11.869512853651479 37.198197808886476
1939 3 0.20300000000000001 15.421801628793004 64.90965482431821 42.352840420326196
1940 4 -0.53480000000000005 -8.0776423636432675 -24.932443700956377 -9.0775508057311161
1941 5 0.1469 -7.2925738562699651 -21.182216313186817 15.047858677000356
1942 6 0.2137 -1.7695866981331176 6.6689615550570958 28.657509028693642
1943 7 0.311 1.6902661600122586 -1.5083261977048612 -34.957737157133607
1944 8 0.1111 -5.7429506867397802 -34.107970233840277 -9.8906512984037587
1945 9 0.10580000000000001 18.49418308431521 50.683167992949286 -14.499054848213733
